timestamp,pred_label,confidence
2025-10-08 13:08:37,recyclable,0.7895
2025-10-08 13:08:37,recyclable,0.9383
2025-10-08 13:08:37,recyclable,0.9394
2025-10-08 13:08:37,recyclable,0.9678
2025-10-08 13:08:38,recyclable,0.9809
2025-10-08 13:08:38,recyclable,0.9694
2025-10-08 13:08:38,recyclable,0.9767
2025-10-08 13:08:38,recyclable,0.9852
2025-10-08 13:08:38,recyclable,0.9885
2025-10-08 13:08:38,recyclable,0.9803
2025-10-08 13:08:39,recyclable,0.8936
2025-10-08 13:08:40,recyclable,0.7201
2025-10-08 13:08:40,recyclable,0.8961
2025-10-08 13:08:40,recyclable,0.8525
2025-10-08 13:08:41,recyclable,0.9014
2025-10-08 13:08:41,recyclable,0.9041
2025-10-08 13:08:41,recyclable,0.7613
2025-10-08 13:08:41,recyclable,0.9412
2025-10-08 13:08:41,recyclable,0.8055
2025-10-08 13:08:41,recyclable,0.9826
2025-10-08 13:08:42,recyclable,0.9508
2025-10-08 13:08:42,recyclable,0.8168
2025-10-08 13:08:42,recyclable,0.7194
2025-10-08 13:08:43,recyclable,0.7350
2025-10-08 13:08:43,hazardous,0.9609
2025-10-08 13:08:43,recyclable,0.7830
2025-10-08 13:08:43,recyclable,0.8332
2025-10-08 13:08:44,recyclable,0.8575
2025-10-08 13:08:44,recyclable,0.7179
2025-10-08 13:08:44,recyclable,0.7603
2025-10-08 13:08:44,recyclable,0.7802
2025-10-08 13:08:44,recyclable,0.8804
2025-10-08 13:08:44,recyclable,0.8974
2025-10-08 13:08:45,recyclable,0.8102
2025-10-08 13:08:45,recyclable,0.8207
2025-10-08 13:08:45,recyclable,0.7398
2025-10-08 13:08:45,hazardous,0.7192
2025-10-08 13:08:46,hazardous,0.8982
2025-10-08 13:08:46,hazardous,0.9607
2025-10-08 13:08:46,hazardous,0.9847
2025-10-08 13:08:46,hazardous,0.8999
2025-10-08 13:08:47,hazardous,0.8345
2025-10-08 13:08:49,hazardous,0.7623
2025-10-08 13:08:49,hazardous,0.8831
2025-10-08 13:08:50,hazardous,0.7382
2025-10-08 13:08:50,hazardous,0.7255
2025-10-08 13:08:50,hazardous,0.7814
2025-10-08 13:08:50,hazardous,0.8389
2025-10-08 13:08:51,hazardous,0.7227
2025-10-08 13:08:54,recyclable,0.8008
2025-10-08 13:08:54,recyclable,0.9049
2025-10-08 13:08:54,recyclable,0.9876
2025-10-08 13:08:55,recyclable,0.8079
2025-10-08 13:08:55,recyclable,0.8181
2025-10-08 13:08:55,recyclable,0.9470
2025-10-08 13:08:56,recyclable,0.9749
2025-10-08 13:08:56,hazardous,0.7777
2025-10-08 13:08:57,hazardous,0.8783
2025-10-08 13:08:57,hazardous,0.9641
2025-10-08 13:08:57,hazardous,0.8487
2025-10-08 13:08:58,hazardous,0.8257
2025-10-08 13:08:58,hazardous,0.9658
2025-10-08 13:08:59,hazardous,0.8924
2025-10-08 13:08:59,hazardous,0.9388
2025-10-08 13:08:59,hazardous,0.9659
2025-10-08 13:09:00,hazardous,0.7609
2025-10-08 13:09:01,hazardous,0.7154
2025-10-08 13:09:01,hazardous,0.7909
2025-10-08 13:09:01,recyclable,0.8713
2025-10-08 13:09:01,recyclable,0.8953
2025-10-08 13:09:02,recyclable,0.9565
2025-10-08 13:09:02,recyclable,0.8978
2025-10-08 13:09:02,recyclable,0.8969
2025-10-08 13:09:02,recyclable,0.8755
2025-10-08 13:09:03,recyclable,0.7933
2025-10-08 13:09:03,recyclable,0.8342
2025-10-08 13:09:04,recyclable,0.8019
2025-10-08 13:09:05,hazardous,0.7044
2025-10-08 13:09:05,hazardous,0.7204
2025-10-08 13:09:06,hazardous,0.7152
2025-10-08 13:09:07,hazardous,0.9001
2025-10-08 13:09:08,hazardous,0.8820
2025-10-08 13:09:08,hazardous,0.8809
2025-10-08 13:09:08,recyclable,0.8775
2025-10-08 13:09:09,recyclable,0.8286
2025-10-08 13:09:09,recyclable,0.7077
2025-10-08 13:09:09,recyclable,0.7419
2025-10-08 13:09:10,recyclable,0.8502
2025-10-08 13:09:11,recyclable,0.7182
2025-10-08 13:09:11,recyclable,0.7565
2025-10-08 13:09:13,hazardous,0.7418
2025-10-08 13:09:13,recyclable,0.7647
2025-10-08 13:09:14,recyclable,0.7406
2025-10-08 13:09:14,recyclable,0.7319
2025-10-08 13:09:15,recyclable,0.7437
2025-10-08 13:09:15,recyclable,0.7762
2025-10-08 13:09:16,recyclable,0.7795
2025-10-08 13:09:16,recyclable,0.8417
2025-10-08 13:09:17,recyclable,0.8989
2025-10-08 13:09:18,recyclable,0.7378
2025-10-08 13:09:18,recyclable,0.8221
2025-10-08 13:09:18,recyclable,0.7725
2025-10-08 13:09:19,recyclable,0.7902
2025-10-08 13:09:19,recyclable,0.8030
2025-10-08 13:09:20,recyclable,0.7971
2025-10-08 13:09:21,recyclable,0.7505
2025-10-08 13:09:21,recyclable,0.8446
2025-10-08 13:09:21,recyclable,0.9804
2025-10-08 13:09:22,recyclable,0.9029
2025-10-08 13:09:22,recyclable,0.7324
2025-10-08 13:09:26,recyclable,0.7242
2025-10-08 13:48:42,recyclable,0.9252
2025-10-08 13:48:42,recyclable,0.7721
2025-10-08 13:48:43,recyclable,0.8428
2025-10-08 13:48:43,recyclable,0.8863
2025-10-08 13:48:43,recyclable,0.7712
2025-10-08 13:48:44,hazardous,0.7161
2025-10-08 13:48:44,hazardous,0.8026
2025-10-08 13:48:44,recyclable,0.7851
2025-10-08 13:48:44,recyclable,0.8120
2025-10-08 13:48:45,recyclable,0.7991
2025-10-08 13:48:45,recyclable,0.8191
2025-10-08 13:48:45,recyclable,0.9290
2025-10-08 13:48:45,recyclable,0.7986
2025-10-08 13:48:45,recyclable,0.8095
2025-10-08 13:48:46,hazardous,0.8198
2025-10-08 13:48:46,recyclable,0.7138
2025-10-08 13:48:46,recyclable,0.9542
2025-10-08 13:48:48,hazardous,0.7977
2025-10-08 13:48:48,recyclable,0.7677
2025-10-08 13:48:48,hazardous,0.8570
2025-10-08 13:48:48,recyclable,0.7059
2025-10-08 13:48:49,recyclable,0.7678
2025-10-08 13:48:49,recyclable,0.8257
2025-10-08 13:48:49,recyclable,0.8356
2025-10-08 13:48:49,recyclable,0.7704
2025-10-08 13:48:49,recyclable,0.8552
2025-10-08 13:48:49,recyclable,0.8427
2025-10-08 13:48:49,recyclable,0.9587
2025-10-08 13:48:50,recyclable,0.8159
2025-10-08 13:48:50,recyclable,0.9234
2025-10-08 13:48:50,recyclable,0.7744
2025-10-08 13:48:50,recyclable,0.8002
2025-10-08 13:48:50,recyclable,0.9299
2025-10-08 13:48:50,recyclable,0.9520
2025-10-08 13:48:50,recyclable,0.8528
2025-10-08 13:48:51,recyclable,0.9319
2025-10-08 13:48:51,recyclable,0.9709
2025-10-08 13:48:51,recyclable,0.9790
2025-10-08 13:48:51,recyclable,0.9702
2025-10-08 13:48:51,recyclable,0.9331
2025-10-08 13:48:51,recyclable,0.7227
2025-10-08 13:48:52,hazardous,0.7448
2025-10-08 13:48:52,recyclable,0.7425
2025-10-08 13:48:52,recyclable,0.8389
2025-10-08 13:48:53,recyclable,0.7577
2025-10-08 13:48:53,recyclable,0.8056
2025-10-08 13:48:53,recyclable,0.8839
2025-10-08 13:48:53,recyclable,0.9048
2025-10-08 13:48:53,recyclable,0.7753
2025-10-08 13:48:53,hazardous,0.7496
2025-10-08 13:48:54,hazardous,0.8970
2025-10-08 13:48:54,hazardous,0.9453
2025-10-08 13:48:54,hazardous,0.8261
2025-10-08 13:48:54,hazardous,0.8610
2025-10-08 13:48:55,hazardous,0.9081
2025-10-08 13:48:55,hazardous,0.8573
2025-10-08 13:48:55,hazardous,0.9515
2025-10-08 13:48:55,hazardous,0.8477
2025-10-08 13:48:55,hazardous,0.7330
2025-10-08 13:48:55,hazardous,0.8031
2025-10-08 13:48:55,hazardous,0.7087
2025-10-08 13:48:56,hazardous,0.7155
2025-10-08 13:48:57,recyclable,0.7998
2025-10-08 13:48:57,recyclable,0.9199
2025-10-08 13:48:57,recyclable,0.8185
2025-10-08 13:48:57,hazardous,0.9674
2025-10-08 13:48:57,hazardous,0.9066
2025-10-08 13:48:57,hazardous,0.7047
2025-10-08 13:48:57,hazardous,0.9241
2025-10-08 13:48:58,hazardous,0.9248
2025-10-08 13:48:58,hazardous,0.9683
2025-10-08 13:48:58,hazardous,0.9801
2025-10-08 13:48:58,hazardous,0.9421
2025-10-08 13:48:58,hazardous,0.9658
2025-10-08 13:48:58,hazardous,0.9566
2025-10-08 13:48:59,hazardous,0.9104
2025-10-08 13:48:59,hazardous,0.9692
2025-10-08 13:48:59,hazardous,0.9734
2025-10-08 13:48:59,hazardous,0.9538
2025-10-08 13:48:59,hazardous,0.9419
2025-10-08 13:48:59,hazardous,0.9097
2025-10-08 13:49:00,hazardous,0.7075
2025-10-08 13:49:00,recyclable,0.8675
2025-10-08 13:49:00,recyclable,0.8701
2025-10-08 13:49:00,recyclable,0.7684
2025-10-08 13:49:00,recyclable,0.7572
2025-10-08 13:49:01,recyclable,0.8885
2025-10-08 13:49:01,recyclable,0.7081
2025-10-08 13:49:01,recyclable,0.8637
2025-10-08 13:49:01,recyclable,0.7745
2025-10-08 13:49:01,recyclable,0.8580
2025-10-08 13:49:02,recyclable,0.7174
2025-10-08 13:49:02,recyclable,0.9001
2025-10-08 13:49:02,recyclable,0.9010
2025-10-08 13:49:02,recyclable,0.7664
2025-10-08 13:49:02,recyclable,0.7944
2025-10-08 13:49:02,recyclable,0.9379
2025-10-08 13:49:03,recyclable,0.7680
2025-10-08 13:49:03,recyclable,0.8291
2025-10-08 13:49:03,recyclable,0.9035
2025-10-08 13:49:03,recyclable,0.7468
2025-10-08 13:49:03,hazardous,0.7238
2025-10-08 13:49:03,hazardous,0.7695
2025-10-08 13:49:04,recyclable,0.9106
2025-10-08 13:49:04,recyclable,0.9360
2025-10-08 13:49:04,recyclable,0.7012
2025-10-08 13:49:04,recyclable,0.7079
2025-10-08 13:49:04,recyclable,0.7294
2025-10-08 13:49:05,recyclable,0.7775
2025-10-08 13:49:05,recyclable,0.8264
2025-10-08 13:49:05,recyclable,0.7926
2025-10-08 13:49:05,recyclable,0.8479
2025-10-08 13:49:06,recyclable,0.8617
2025-10-08 13:49:06,recyclable,0.8644
2025-10-08 13:49:06,hazardous,0.9406
2025-10-08 13:49:06,hazardous,0.8576
2025-10-08 13:49:06,hazardous,0.8392
2025-10-08 13:49:07,hazardous,0.9091
2025-10-08 13:49:07,recyclable,0.7646
2025-10-08 13:49:07,recyclable,0.8747
2025-10-08 13:49:08,recyclable,0.7331
2025-10-08 13:49:08,hazardous,0.8959
2025-10-08 13:49:08,hazardous,0.8460
2025-10-08 13:49:08,hazardous,0.8096
2025-10-08 13:49:08,hazardous,0.8986
2025-10-08 13:49:08,hazardous,0.9290
2025-10-08 13:49:08,hazardous,0.9294
2025-10-08 13:49:09,hazardous,0.8724
2025-10-08 13:49:09,recyclable,0.8509
2025-10-08 13:49:09,recyclable,0.8586
2025-10-08 13:49:09,hazardous,0.7159
2025-10-08 13:49:10,recyclable,0.9256
2025-10-08 13:49:10,recyclable,0.9978
2025-10-08 13:49:10,recyclable,0.9461
2025-10-08 13:49:10,recyclable,0.9421
2025-10-08 13:49:10,recyclable,0.9663
2025-10-08 13:49:11,recyclable,0.9912
2025-10-08 13:49:11,recyclable,0.9927
2025-10-08 13:49:11,recyclable,0.9170
2025-10-08 13:49:11,recyclable,0.9491
2025-10-08 13:49:11,recyclable,0.8329
2025-10-08 13:49:11,recyclable,0.9092
2025-10-08 13:49:12,recyclable,0.9406
2025-10-08 13:49:12,recyclable,0.8567
2025-10-08 13:49:12,recyclable,0.9434
2025-10-08 13:49:12,recyclable,0.8869
2025-10-08 13:49:12,recyclable,0.9199
2025-10-08 13:49:12,recyclable,0.9788
2025-10-08 13:49:12,recyclable,0.9126
2025-10-08 13:49:13,recyclable,0.7714
2025-10-08 13:49:13,hazardous,0.8459
2025-10-08 13:49:13,recyclable,0.7797
2025-10-08 13:49:13,recyclable,0.7387
2025-10-08 13:49:14,recyclable,0.9108
2025-10-08 13:49:15,recyclable,0.8651
2025-10-08 13:49:15,recyclable,0.7395
2025-10-08 13:49:15,recyclable,0.7840
2025-10-08 13:49:15,recyclable,0.8075
2025-10-08 13:49:15,recyclable,0.9157
2025-10-08 13:49:16,recyclable,0.8776
2025-10-08 13:49:16,recyclable,0.7220
2025-10-08 13:49:16,recyclable,0.8423
2025-10-08 13:49:16,recyclable,0.8373
2025-10-08 13:49:16,recyclable,0.7868
2025-10-08 13:49:16,recyclable,0.9238
2025-10-08 13:49:16,recyclable,0.9573
2025-10-08 13:49:16,recyclable,0.9091
2025-10-08 13:49:17,recyclable,0.8394
2025-10-08 13:49:17,recyclable,0.8059
2025-10-08 13:49:17,recyclable,0.9343
2025-10-08 13:49:17,recyclable,0.9312
2025-10-08 13:49:17,recyclable,0.7685
2025-10-08 13:49:17,recyclable,0.9529
2025-10-08 13:49:18,recyclable,0.9698
2025-10-08 13:49:18,recyclable,0.9590
2025-10-08 13:49:18,recyclable,0.9407
2025-10-08 13:49:18,recyclable,0.9289
2025-10-08 13:49:18,recyclable,0.9487
2025-10-08 13:49:18,recyclable,0.9608
2025-10-08 13:49:18,recyclable,0.9380
2025-10-08 13:49:18,recyclable,0.9715
2025-10-08 13:49:19,recyclable,0.9597
2025-10-08 13:49:19,recyclable,0.9702
2025-10-08 13:49:19,recyclable,0.7378
2025-10-08 13:49:19,recyclable,0.9233
2025-10-08 13:49:19,recyclable,0.9721
2025-10-08 13:49:19,recyclable,0.8279
2025-10-08 13:49:19,recyclable,0.7850
2025-10-08 13:49:19,recyclable,0.8197
2025-10-08 13:49:20,recyclable,0.8614
2025-10-08 13:49:20,recyclable,0.7303
2025-10-08 13:49:20,recyclable,0.9149
2025-10-08 13:49:20,recyclable,0.7372
2025-10-08 13:49:20,recyclable,0.8435
2025-10-08 13:49:20,recyclable,0.8969
2025-10-08 13:49:21,recyclable,0.9535
2025-10-08 13:49:21,recyclable,0.8960
2025-10-08 13:49:21,recyclable,0.8578
2025-10-08 13:49:21,recyclable,0.8594
2025-10-08 13:49:21,recyclable,0.9856
2025-10-08 13:49:21,recyclable,0.9927
2025-10-08 13:49:21,recyclable,0.8775
2025-10-08 13:49:22,recyclable,0.7983
2025-10-08 13:49:22,recyclable,0.8208
2025-10-08 13:49:22,recyclable,0.7535
2025-10-08 13:49:23,recyclable,0.9115
2025-10-08 13:49:23,recyclable,0.7883
2025-10-08 13:49:23,recyclable,0.9428
2025-10-08 13:49:23,recyclable,0.9369
2025-10-08 13:49:23,recyclable,0.9276
2025-10-08 13:49:24,recyclable,0.9091
2025-10-08 13:49:24,recyclable,0.9383
2025-10-08 13:49:24,recyclable,0.9503
2025-10-08 13:49:24,recyclable,0.8587
2025-10-08 13:49:24,recyclable,0.9728
2025-10-08 13:49:24,recyclable,0.9766
2025-10-08 13:49:24,recyclable,0.9788
2025-10-08 13:49:25,recyclable,0.9287
2025-10-08 13:49:25,recyclable,0.9011
2025-10-08 13:49:25,recyclable,0.9206
2025-10-08 13:49:25,recyclable,0.9582
2025-10-08 13:49:25,recyclable,0.9197
2025-10-08 13:49:25,recyclable,0.9023
2025-10-08 13:49:25,recyclable,0.7861
2025-10-08 13:49:26,recyclable,0.8210
2025-10-08 13:49:26,recyclable,0.9271
2025-10-08 13:49:26,recyclable,0.7994
2025-10-08 13:49:26,recyclable,0.7744
2025-10-08 13:49:26,recyclable,0.9135
2025-10-08 13:49:26,recyclable,0.9411
2025-10-08 13:49:26,recyclable,0.9105
2025-10-08 13:49:27,recyclable,0.9504
2025-10-08 13:49:27,recyclable,0.9037
2025-10-08 13:49:27,recyclable,0.9366
2025-10-08 13:49:27,recyclable,0.8712
2025-10-08 13:49:27,recyclable,0.8669
2025-10-08 13:49:28,recyclable,0.8353
2025-10-08 13:49:28,recyclable,0.8994
2025-10-08 13:49:28,recyclable,0.8515
2025-10-08 13:49:28,recyclable,0.9588
2025-10-08 13:49:28,recyclable,0.9627
2025-10-08 13:49:28,recyclable,0.9601
2025-10-08 13:49:29,recyclable,0.7394
2025-10-08 13:49:29,recyclable,0.9166
2025-10-08 13:49:29,recyclable,0.8672
2025-10-08 13:49:29,recyclable,0.7712
2025-10-08 13:49:29,recyclable,0.9503
2025-10-08 13:49:29,recyclable,0.9739
2025-10-08 13:49:29,recyclable,0.9576
2025-10-08 13:49:29,recyclable,0.8029
2025-10-08 13:49:29,recyclable,0.7867
2025-10-08 13:49:30,recyclable,0.9032
2025-10-08 13:49:30,recyclable,0.9643
2025-10-08 13:49:30,recyclable,0.9521
2025-10-08 13:49:30,recyclable,0.8466
2025-10-08 13:49:30,recyclable,0.9076
2025-10-08 13:49:30,recyclable,0.8323
2025-10-08 13:49:31,recyclable,0.8911
2025-10-08 13:49:31,recyclable,0.9075
2025-10-08 13:49:31,recyclable,0.9759
2025-10-08 13:49:31,recyclable,0.9827
2025-10-08 13:49:31,recyclable,0.9765
2025-10-08 13:49:31,recyclable,0.9607
2025-10-08 13:49:31,recyclable,0.9796
2025-10-08 13:49:31,recyclable,0.9647
2025-10-08 13:49:32,recyclable,0.9523
2025-10-08 13:49:32,recyclable,0.9364
2025-10-08 13:49:32,recyclable,0.7167
2025-10-08 13:49:32,recyclable,0.7228
2025-10-08 13:49:32,recyclable,0.8222
2025-10-08 13:49:32,recyclable,0.9044
2025-10-08 13:49:33,recyclable,0.9002
2025-10-08 13:49:33,recyclable,0.8183
2025-10-08 13:49:33,recyclable,0.7806
2025-10-08 13:49:33,hazardous,0.7558
2025-10-08 13:49:34,hazardous,0.8045
2025-10-08 13:49:34,hazardous,0.7612
2025-10-08 14:14:31,recyclable,0.9405
2025-10-08 14:14:31,recyclable,0.8703
2025-10-08 14:14:31,recyclable,0.9493
2025-10-08 14:14:31,recyclable,0.9438
2025-10-08 14:14:32,recyclable,0.8429
2025-10-08 14:14:32,recyclable,0.9469
2025-10-08 14:14:32,recyclable,0.9938
2025-10-08 14:14:32,recyclable,0.9655
2025-10-08 14:14:32,recyclable,0.9794
2025-10-08 14:14:33,recyclable,0.9025
2025-10-08 14:14:33,recyclable,0.8160
2025-10-08 14:14:33,recyclable,0.9192
2025-10-08 14:14:33,recyclable,0.7027
2025-10-08 14:14:33,recyclable,0.7030
2025-10-08 14:14:34,hazardous,0.7358
2025-10-08 14:14:34,recyclable,0.7653
2025-10-08 14:14:34,recyclable,0.8053
2025-10-08 14:14:34,recyclable,0.9106
2025-10-08 14:14:35,hazardous,0.8363
2025-10-08 14:14:36,hazardous,0.8812
2025-10-08 14:14:36,hazardous,0.8585
2025-10-08 14:14:36,hazardous,0.9032
2025-10-08 14:14:36,hazardous,0.7444
2025-10-08 14:14:37,recyclable,0.8577
2025-10-08 14:14:37,recyclable,0.7376
2025-10-08 14:14:37,recyclable,0.7128
2025-10-08 14:14:37,recyclable,0.7210
2025-10-08 14:14:37,recyclable,0.8711
2025-10-08 14:14:37,recyclable,0.7465
2025-10-08 14:14:38,recyclable,0.8845
2025-10-08 14:14:38,recyclable,0.8482
2025-10-08 14:14:38,recyclable,0.8524
2025-10-08 14:14:38,recyclable,0.8706
2025-10-08 14:14:38,recyclable,0.7657
2025-10-08 14:14:39,recyclable,0.9089
2025-10-08 14:14:39,recyclable,0.8529
2025-10-08 14:14:39,recyclable,0.8519
2025-10-08 14:14:39,recyclable,0.8050
2025-10-08 14:14:39,recyclable,0.7711
2025-10-08 14:14:41,hazardous,0.8485
2025-10-08 14:14:41,hazardous,0.9882
2025-10-08 14:14:41,hazardous,0.9783
2025-10-08 14:14:41,hazardous,0.8414
2025-10-08 14:14:41,hazardous,0.7980
2025-10-08 14:14:42,hazardous,0.8308
2025-10-08 14:14:42,hazardous,0.8372
2025-10-08 14:14:42,hazardous,0.9224
2025-10-08 14:14:42,hazardous,0.9553
2025-10-08 14:14:42,hazardous,0.9679
2025-10-08 14:14:42,hazardous,0.8927
2025-10-08 14:14:43,hazardous,0.8932
2025-10-08 14:14:43,hazardous,0.7158
2025-10-08 14:14:43,hazardous,0.7459
2025-10-08 14:14:43,hazardous,0.7528
2025-10-08 14:14:44,hazardous,0.7949
2025-10-08 14:14:44,hazardous,0.7373
2025-10-08 14:14:44,hazardous,0.7019
2025-10-08 14:14:44,hazardous,0.7142
2025-10-08 14:14:44,hazardous,0.9924
2025-10-08 14:14:44,hazardous,0.7114
2025-10-08 14:14:45,recyclable,0.9847
2025-10-08 14:14:45,recyclable,0.7161
2025-10-08 14:14:45,recyclable,0.8520
2025-10-08 14:14:45,recyclable,0.9417
2025-10-08 14:14:45,recyclable,0.9885
2025-10-08 14:14:46,recyclable,0.9866
2025-10-08 14:33:30,hazardous,0.9040
2025-10-08 14:33:30,hazardous,0.9016
2025-10-08 14:33:30,hazardous,0.8931
2025-10-08 14:33:31,hazardous,0.8551
2025-10-08 14:33:31,hazardous,0.9032
2025-10-08 14:33:31,hazardous,0.8955
2025-10-08 14:33:32,hazardous,0.8869
2025-10-08 14:33:32,hazardous,0.8966
2025-10-08 14:33:32,hazardous,0.8724
2025-10-08 14:33:33,hazardous,0.8760
2025-10-08 14:33:33,hazardous,0.8715
2025-10-08 14:33:33,hazardous,0.8398
2025-10-08 14:33:34,hazardous,0.7604
2025-10-08 14:33:34,hazardous,0.8440
2025-10-08 14:33:34,hazardous,0.8721
2025-10-08 14:33:35,hazardous,0.8606
2025-10-08 14:33:35,hazardous,0.8394
2025-10-08 14:33:35,hazardous,0.8657
2025-10-08 14:33:35,hazardous,0.8949
2025-10-08 14:33:35,hazardous,0.8174
2025-10-08 14:33:35,hazardous,0.7721
2025-10-08 14:33:36,hazardous,0.7838
2025-10-08 14:33:36,hazardous,0.7869
2025-10-08 14:33:36,hazardous,0.7878
2025-10-08 14:33:36,hazardous,0.8068
2025-10-08 14:33:36,hazardous,0.8148
2025-10-08 14:33:36,hazardous,0.8431
2025-10-08 14:33:36,hazardous,0.8491
2025-10-08 14:33:36,hazardous,0.8510
2025-10-08 14:33:37,hazardous,0.7924
2025-10-08 14:33:37,hazardous,0.8269
2025-10-08 14:33:37,hazardous,0.7849
2025-10-08 14:33:37,hazardous,0.8232
2025-10-08 14:33:37,hazardous,0.8173
2025-10-08 14:33:37,hazardous,0.8257
2025-10-08 14:33:38,hazardous,0.8481
2025-10-08 14:33:38,hazardous,0.8534
2025-10-08 14:33:38,hazardous,0.8484
2025-10-08 14:33:38,hazardous,0.8840
2025-10-08 14:33:38,hazardous,0.8670
2025-10-08 14:33:38,hazardous,0.8353
2025-10-08 14:33:39,hazardous,0.8356
2025-10-08 14:33:39,hazardous,0.8205
2025-10-08 14:33:39,hazardous,0.8307
2025-10-08 14:33:39,hazardous,0.8413
2025-10-08 14:33:39,hazardous,0.8529
2025-10-08 14:33:39,hazardous,0.8230
2025-10-08 14:33:40,hazardous,0.8231
2025-10-08 14:33:40,hazardous,0.8549
2025-10-08 14:33:40,hazardous,0.8307
2025-10-08 14:33:40,hazardous,0.7577
2025-10-08 14:33:41,hazardous,0.7707
2025-10-08 14:33:41,hazardous,0.7820
2025-10-08 14:33:41,hazardous,0.7673
2025-10-08 14:33:42,hazardous,0.7597
2025-10-08 14:33:42,hazardous,0.7549
2025-10-08 14:33:42,hazardous,0.7968
2025-10-08 14:33:43,hazardous,0.7499
2025-10-08 14:33:43,hazardous,0.7373
2025-10-08 14:33:43,hazardous,0.7058
2025-10-08 14:33:44,hazardous,0.7597
2025-10-08 14:33:44,hazardous,0.7828
2025-10-08 14:33:45,hazardous,0.7636
2025-10-08 14:33:46,hazardous,0.7314
2025-10-08 14:33:46,hazardous,0.7353
2025-10-08 14:33:47,hazardous,0.7240
2025-10-08 14:33:47,hazardous,0.7110
2025-10-08 14:33:47,hazardous,0.7216
2025-10-08 14:33:48,hazardous,0.7142
2025-10-08 14:33:49,hazardous,0.7116
2025-10-08 14:33:52,hazardous,0.7171
2025-10-08 14:33:53,hazardous,0.7084
2025-10-08 14:33:53,hazardous,0.7070
2025-10-08 14:33:55,hazardous,0.7013
2025-10-08 14:34:02,hazardous,0.7079
2025-10-08 14:34:07,hazardous,0.7167
2025-10-08 14:34:08,hazardous,0.7405
2025-10-08 14:34:08,hazardous,0.7382
2025-10-08 14:34:09,hazardous,0.8080
2025-10-08 14:34:12,hazardous,0.7304
2025-10-08 14:34:13,hazardous,0.7201
2025-10-08 14:34:13,hazardous,0.8391
2025-10-08 14:34:14,hazardous,0.7017
2025-10-08 14:34:14,hazardous,0.8308
2025-10-08 14:34:15,hazardous,0.8736
2025-10-08 14:34:15,hazardous,0.9404
2025-10-08 14:34:16,hazardous,0.7195
2025-10-08 14:34:18,hazardous,0.7140
2025-10-08 14:34:22,hazardous,0.7178
2025-10-08 14:34:24,hazardous,0.8055
2025-10-08 14:34:25,hazardous,0.7076
2025-10-08 14:34:26,hazardous,0.7125
2025-10-08 14:34:26,hazardous,0.7431
2025-10-08 14:34:27,hazardous,0.7036
2025-10-08 14:34:27,hazardous,0.7277
2025-10-08 14:34:28,hazardous,0.7431
2025-10-08 14:34:28,recyclable,0.8312
2025-10-08 14:34:29,hazardous,0.7021
2025-10-08 14:34:29,hazardous,0.7270
2025-10-08 14:34:30,hazardous,0.9471
2025-10-08 14:34:30,hazardous,0.7938
2025-10-08 14:34:31,hazardous,0.7652
2025-10-08 14:34:34,hazardous,0.7659
2025-10-08 14:34:37,hazardous,0.7015
2025-10-08 14:34:39,hazardous,0.7007
2025-10-08 14:34:40,hazardous,0.7099
2025-10-08 14:34:41,hazardous,0.7255
2025-10-08 14:34:41,hazardous,0.7104
2025-10-08 14:34:42,hazardous,0.8011
2025-10-08 14:34:43,hazardous,0.7113
2025-10-08 14:34:43,hazardous,0.7444
2025-10-08 14:34:46,hazardous,0.7392
2025-10-08 14:34:47,hazardous,0.7070
2025-10-08 14:34:52,hazardous,0.7369
2025-10-08 14:34:53,hazardous,0.9530
2025-10-08 14:34:53,hazardous,0.7724
2025-10-08 14:34:53,hazardous,0.7797
2025-10-08 14:34:54,hazardous,0.8261
2025-10-08 14:34:54,hazardous,0.8803
2025-10-08 14:34:55,hazardous,0.9457
2025-10-08 14:34:55,hazardous,0.9726
2025-10-08 14:34:57,hazardous,0.8115
2025-10-08 14:34:57,hazardous,0.9622
2025-10-08 14:34:58,hazardous,0.8764
2025-10-08 14:35:00,hazardous,0.8486
2025-10-08 14:35:00,hazardous,0.8680
2025-10-08 14:35:04,hazardous,0.7085
2025-10-08 14:35:04,hazardous,0.7899
2025-10-08 14:35:05,hazardous,0.8050
2025-10-08 14:35:05,hazardous,0.7949
2025-10-08 14:35:06,hazardous,0.8428
2025-10-08 14:35:06,hazardous,0.8032
2025-10-08 14:35:07,hazardous,0.8016
2025-10-08 14:35:07,hazardous,0.8648
2025-10-08 14:35:08,hazardous,0.9050
2025-10-08 14:35:08,hazardous,0.7757
2025-10-08 14:35:09,hazardous,0.7329
2025-10-08 14:35:09,hazardous,0.7170
2025-10-08 14:35:09,hazardous,0.8836
2025-10-08 14:35:13,hazardous,0.8856
2025-10-08 14:35:13,hazardous,0.8961
2025-10-08 14:35:15,hazardous,0.7087
2025-10-08 14:35:16,hazardous,0.7411
2025-10-08 14:35:18,hazardous,0.7409
2025-10-08 14:35:18,hazardous,0.7831
2025-10-08 14:35:19,hazardous,0.7995
2025-10-08 14:35:19,hazardous,0.7734
2025-10-08 14:35:19,hazardous,0.7947
2025-10-08 14:35:20,hazardous,0.8409
2025-10-08 14:35:20,hazardous,0.8509
2025-10-08 14:35:20,hazardous,0.8566
2025-10-08 14:35:21,hazardous,0.8741
2025-10-08 14:35:21,hazardous,0.7858
2025-10-08 14:35:21,hazardous,0.8513
2025-10-08 14:35:22,hazardous,0.7837
2025-10-08 14:35:22,hazardous,0.8052
2025-10-08 14:35:24,hazardous,0.9414
2025-10-08 14:35:25,hazardous,0.7576
2025-10-08 14:35:25,hazardous,0.9869
2025-10-08 14:35:26,hazardous,0.7417
2025-10-08 14:35:26,hazardous,0.9254
2025-10-08 14:35:27,hazardous,0.9400
2025-10-08 14:35:28,hazardous,0.9120
2025-10-08 14:35:28,hazardous,0.8401
2025-10-08 14:35:29,hazardous,0.9518
2025-10-08 14:35:29,hazardous,0.9494
2025-10-08 14:35:30,hazardous,0.8980
2025-10-08 14:35:30,hazardous,0.9097
2025-10-08 14:35:30,hazardous,0.9114
2025-10-08 14:35:31,hazardous,0.9651
2025-10-08 14:35:32,hazardous,0.8806
2025-10-08 14:35:32,hazardous,0.8039
2025-10-08 14:35:33,hazardous,0.7120
2025-10-08 14:35:34,hazardous,0.7978
2025-10-08 14:35:35,hazardous,0.8043
2025-10-08 14:35:35,hazardous,0.7263
2025-10-08 14:35:35,hazardous,0.7101
2025-10-08 14:35:36,hazardous,0.7328
2025-10-08 14:35:37,hazardous,0.7630
2025-10-08 14:35:37,hazardous,0.8075
2025-10-08 14:35:38,hazardous,0.7993
2025-10-08 14:35:38,hazardous,0.8007
2025-10-08 14:35:38,hazardous,0.8057
2025-10-08 14:35:39,hazardous,0.8930
2025-10-08 14:35:39,hazardous,0.7168
2025-10-08 14:35:40,hazardous,0.8321
2025-10-08 14:35:40,hazardous,0.7775
2025-10-08 14:35:41,hazardous,0.7796
2025-10-08 14:35:41,hazardous,0.8278
2025-10-08 14:35:41,hazardous,0.7658
2025-10-08 14:35:42,hazardous,0.8959
2025-10-08 14:35:42,hazardous,0.7055
2025-10-08 14:35:42,hazardous,0.8047
2025-10-08 14:35:43,hazardous,0.7639
2025-10-08 14:35:44,hazardous,0.8362
2025-10-08 14:35:44,hazardous,0.7474
2025-10-08 14:35:45,hazardous,0.8699
2025-10-08 14:35:46,hazardous,0.8314
2025-10-08 14:35:46,hazardous,0.7974
2025-10-08 14:35:46,hazardous,0.9141
2025-10-08 14:35:47,recyclable,0.7191
2025-10-08 14:35:47,hazardous,0.9720
2025-10-08 14:35:48,hazardous,0.9846
2025-10-08 14:35:48,hazardous,0.9589
2025-10-08 14:35:48,hazardous,0.9143
2025-10-08 14:35:48,hazardous,0.8317
2025-10-08 14:35:49,hazardous,0.9316
2025-10-08 14:35:49,hazardous,0.9080
2025-10-08 14:35:50,hazardous,0.8101
2025-10-08 14:35:50,hazardous,0.7757
2025-10-08 14:35:51,hazardous,0.8008
2025-10-08 14:35:51,hazardous,0.8490
2025-10-08 14:35:51,hazardous,0.8682
2025-10-08 14:35:52,hazardous,0.8610
2025-10-08 14:35:52,hazardous,0.7910
2025-10-08 14:35:53,hazardous,0.7607
2025-10-08 14:35:54,hazardous,0.7066
2025-10-08 14:35:54,hazardous,0.7033
2025-10-08 14:35:56,hazardous,0.7124
2025-10-08 14:35:58,hazardous,0.7097
2025-10-08 14:35:58,hazardous,0.7194
2025-10-08 14:35:58,hazardous,0.7694
2025-10-08 14:35:59,hazardous,0.8088
2025-10-08 14:35:59,hazardous,0.8100
2025-10-08 14:36:00,hazardous,0.7742
2025-10-08 14:36:01,hazardous,0.8177
2025-10-08 14:36:02,hazardous,0.7358
2025-10-08 14:36:02,hazardous,0.7396
2025-10-08 14:36:03,hazardous,0.8074
2025-10-08 14:36:03,hazardous,0.7294
2025-10-08 14:36:04,hazardous,0.8222
2025-10-08 14:36:04,hazardous,0.8118
2025-10-08 14:36:04,hazardous,0.8298
2025-10-08 14:36:05,hazardous,0.9230
2025-10-08 14:36:06,hazardous,0.7356
2025-10-08 14:36:07,hazardous,0.7851
2025-10-08 14:36:07,hazardous,0.8471
2025-10-08 14:36:08,hazardous,0.9025
2025-10-08 14:36:08,hazardous,0.8023
2025-10-08 14:36:09,recyclable,0.9023
2025-10-08 14:36:09,recyclable,0.8281
2025-10-08 14:36:09,recyclable,0.7708
2025-10-08 14:36:10,recyclable,0.8386
2025-10-08 14:36:10,recyclable,0.8090
2025-10-08 14:36:10,recyclable,0.9296
2025-10-08 14:36:11,recyclable,0.9369
2025-10-08 14:36:11,recyclable,0.9650
2025-10-08 14:36:11,recyclable,0.9545
2025-10-08 14:36:12,recyclable,0.9083
2025-10-08 14:36:12,recyclable,0.9295
2025-10-08 14:36:12,recyclable,0.9378
2025-10-08 14:36:13,recyclable,0.9232
2025-10-08 14:36:13,recyclable,0.9169
2025-10-08 14:36:13,recyclable,0.9433
2025-10-08 14:36:14,recyclable,0.9646
2025-10-08 14:36:14,recyclable,0.9216
2025-10-08 14:36:14,recyclable,0.9540
2025-10-08 14:36:15,recyclable,0.9049
2025-10-08 14:36:15,recyclable,0.8668
2025-10-08 14:36:15,recyclable,0.7807
2025-10-08 14:36:16,hazardous,0.7131
2025-10-08 14:36:18,recyclable,0.8214
2025-10-08 14:36:18,recyclable,0.8443
2025-10-08 14:36:19,recyclable,0.9466
2025-10-08 14:36:19,recyclable,0.8804
2025-10-08 14:36:19,recyclable,0.8685
2025-10-08 14:36:20,recyclable,0.8604
2025-10-08 14:36:20,recyclable,0.8545
2025-10-08 14:36:20,recyclable,0.8937
2025-10-08 14:36:21,recyclable,0.8706
2025-10-08 14:36:21,recyclable,0.8182
2025-10-08 14:36:21,recyclable,0.8438
2025-10-08 14:36:22,recyclable,0.8271
2025-10-08 14:36:22,recyclable,0.7899
2025-10-08 14:36:22,recyclable,0.7157
2025-10-08 14:36:23,recyclable,0.7160
2025-10-08 14:36:25,recyclable,0.7077
2025-10-08 14:36:25,recyclable,0.7927
2025-10-08 14:36:26,recyclable,0.8320
2025-10-08 14:36:26,recyclable,0.8635
2025-10-08 14:36:26,recyclable,0.7593
2025-10-08 14:36:30,recyclable,0.7381
2025-10-08 14:36:31,recyclable,0.7677
2025-10-08 14:36:31,recyclable,0.7809
2025-10-08 14:36:31,recyclable,0.7951
2025-10-08 14:36:32,recyclable,0.8246
2025-10-08 14:36:32,recyclable,0.8750
2025-10-08 14:36:33,recyclable,0.8339
2025-10-08 14:36:33,recyclable,0.8298
2025-10-08 14:36:33,recyclable,0.8128
2025-10-08 14:36:34,recyclable,0.9289
2025-10-08 14:36:34,recyclable,0.9591
2025-10-08 14:36:34,recyclable,0.9346
2025-10-08 14:36:35,recyclable,0.8851
2025-10-08 14:36:35,recyclable,0.8879
2025-10-08 14:36:35,recyclable,0.9553
2025-10-08 14:36:36,recyclable,0.9574
2025-10-08 14:36:36,recyclable,0.9440
2025-10-08 14:36:36,recyclable,0.9488
2025-10-08 14:36:37,hazardous,0.8060
2025-10-08 14:36:39,hazardous,0.7624
2025-10-08 14:36:40,hazardous,0.7439
2025-10-08 14:36:40,hazardous,0.7450
2025-10-08 14:36:41,hazardous,0.8758
2025-10-08 14:36:42,hazardous,0.7350
2025-10-08 14:36:42,hazardous,0.8064
2025-10-08 14:36:42,hazardous,0.7979
2025-10-08 14:36:43,hazardous,0.7560
2025-10-08 14:36:43,hazardous,0.8149
2025-10-08 14:36:43,hazardous,0.7885
2025-10-08 14:36:44,hazardous,0.7622
2025-10-08 14:36:46,hazardous,0.7132
2025-10-08 14:36:48,recyclable,0.7107
2025-10-08 14:36:53,recyclable,0.7109
2025-10-08 14:36:53,recyclable,0.7027
2025-10-08 14:36:53,recyclable,0.8465
2025-10-08 14:36:54,recyclable,0.8355
2025-10-08 14:36:54,recyclable,0.7800
2025-10-08 14:36:54,recyclable,0.8365
2025-10-08 14:36:55,recyclable,0.8563
2025-10-08 14:36:55,recyclable,0.7735
2025-10-08 14:36:55,recyclable,0.7714
2025-10-08 14:36:56,recyclable,0.7022
2025-10-08 14:36:57,recyclable,0.7907
2025-10-08 14:36:57,recyclable,0.7754
2025-10-08 14:36:57,recyclable,0.9168
2025-10-08 14:36:58,recyclable,0.9402
2025-10-08 14:36:58,recyclable,0.9436
2025-10-08 14:36:58,recyclable,0.9290
2025-10-08 14:36:59,recyclable,0.8164
2025-10-08 14:37:00,recyclable,0.7427
2025-10-08 14:37:01,recyclable,0.7647
2025-10-08 14:37:05,recyclable,0.7187
2025-10-08 14:37:06,recyclable,0.7152
2025-10-08 14:37:06,recyclable,0.7407
2025-10-08 14:37:07,recyclable,0.8176
2025-10-08 14:37:09,recyclable,0.7771
2025-10-08 14:37:09,recyclable,0.8212
2025-10-08 14:37:09,recyclable,0.8824
2025-10-08 14:37:10,recyclable,0.8675
2025-10-08 14:37:10,recyclable,0.7252
2025-10-08 14:37:13,recyclable,0.7468
2025-10-08 14:37:14,recyclable,0.8031
2025-10-08 14:37:16,recyclable,0.7840
2025-10-08 14:37:16,recyclable,0.7839
2025-10-08 14:37:17,recyclable,0.7046
2025-10-08 14:37:17,recyclable,0.7045
2025-10-08 14:37:18,recyclable,0.8103
2025-10-08 14:37:18,recyclable,0.7071
2025-10-08 14:37:20,hazardous,0.8361
2025-10-08 14:40:59,recyclable,0.8444
2025-10-08 14:41:00,recyclable,0.7920
2025-10-08 14:41:00,recyclable,0.7570
2025-10-08 14:41:01,recyclable,0.7836
2025-10-08 14:41:01,recyclable,0.8116
2025-10-08 14:41:01,recyclable,0.7482
2025-10-08 14:41:02,recyclable,0.7413
2025-10-08 14:41:02,recyclable,0.7348
2025-10-08 14:41:02,recyclable,0.8059
2025-10-08 14:41:03,recyclable,0.7327
2025-10-08 14:41:03,recyclable,0.7804
2025-10-08 14:41:05,recyclable,0.7432
2025-10-08 14:41:06,recyclable,0.7178
2025-10-08 14:41:06,recyclable,0.7265
2025-10-08 14:41:06,recyclable,0.8668
2025-10-08 14:41:07,recyclable,0.8663
2025-10-08 14:41:07,recyclable,0.8860
2025-10-08 14:41:07,recyclable,0.9130
2025-10-08 14:41:07,recyclable,0.8506
2025-10-08 14:41:08,recyclable,0.8767
2025-10-08 14:41:08,recyclable,0.7317
2025-10-08 14:41:13,recyclable,0.7042
2025-10-08 14:41:14,recyclable,0.7840
2025-10-08 14:41:15,recyclable,0.7042
2025-10-08 14:41:15,recyclable,0.7564
2025-10-08 14:41:15,recyclable,0.7539
2025-10-08 14:41:15,recyclable,0.7411
2025-10-08 14:41:15,recyclable,0.7351
2025-10-08 14:41:16,recyclable,0.7928
2025-10-08 14:41:16,recyclable,0.7370
2025-10-08 14:41:17,recyclable,0.7267
2025-10-08 14:41:17,recyclable,0.7272
2025-10-08 14:41:17,recyclable,0.7299
2025-10-08 14:41:18,recyclable,0.7771
2025-10-08 14:41:19,recyclable,0.7353
2025-10-08 14:41:20,recyclable,0.8156
2025-10-08 14:41:20,recyclable,0.7945
2025-10-08 14:41:21,recyclable,0.7649
2025-10-08 14:41:21,recyclable,0.7260
2025-10-08 14:41:22,recyclable,0.8147
2025-10-08 14:41:22,recyclable,0.8153
2025-10-08 14:41:22,recyclable,0.7084
2025-10-08 14:41:22,recyclable,0.8254
2025-10-08 14:41:23,recyclable,0.9195
2025-10-08 14:41:23,recyclable,0.9689
2025-10-08 14:41:23,recyclable,0.9503
2025-10-08 14:41:23,recyclable,0.8785
2025-10-08 14:41:24,recyclable,0.8771
2025-10-08 14:41:24,recyclable,0.9159
2025-10-08 14:41:24,recyclable,0.9239
2025-10-08 14:41:24,recyclable,0.9448
2025-10-08 14:41:24,recyclable,0.9270
2025-10-08 14:41:25,recyclable,0.7087
2025-10-08 14:41:25,recyclable,0.7895
2025-10-08 14:41:25,recyclable,0.7928
2025-10-08 14:41:25,recyclable,0.7814
2025-10-08 14:41:26,recyclable,0.7265
2025-10-08 14:41:26,recyclable,0.8390
2025-10-08 14:41:26,recyclable,0.8805
2025-10-08 14:41:26,recyclable,0.7654
2025-10-08 14:41:27,recyclable,0.8054
2025-10-08 14:41:28,recyclable,0.8407
2025-10-08 14:41:28,recyclable,0.8426
2025-10-08 14:41:28,recyclable,0.8422
2025-10-08 14:41:28,recyclable,0.8758
2025-10-08 14:41:29,hazardous,0.7331
2025-10-08 14:41:30,recyclable,0.7973
2025-10-08 14:41:30,recyclable,0.8269
2025-10-08 14:41:30,recyclable,0.8219
2025-10-08 14:41:30,hazardous,0.7180
2025-10-08 14:41:31,hazardous,0.8348
2025-10-08 14:41:31,hazardous,0.7922
2025-10-08 14:41:31,hazardous,0.7552
2025-10-08 14:41:31,hazardous,0.8916
2025-10-08 14:41:31,hazardous,0.8346
2025-10-08 14:41:31,hazardous,0.7570
2025-10-08 14:41:32,hazardous,0.7049
2025-10-08 14:41:32,hazardous,0.7104
2025-10-08 14:41:32,hazardous,0.8285
2025-10-08 14:41:32,hazardous,0.8929
2025-10-08 14:41:33,recyclable,0.9113
2025-10-08 14:41:33,recyclable,0.9541
2025-10-08 14:41:33,recyclable,0.9526
2025-10-08 14:41:33,recyclable,0.9310
2025-10-08 14:41:34,recyclable,0.8726
2025-10-08 14:41:34,recyclable,0.9360
2025-10-08 14:41:34,recyclable,0.9178
2025-10-08 14:41:34,recyclable,0.8350
2025-10-08 14:41:34,recyclable,0.8631
2025-10-08 14:41:34,recyclable,0.9344
2025-10-08 14:41:35,recyclable,0.9358
2025-10-08 14:41:35,recyclable,0.9568
2025-10-08 14:41:35,recyclable,0.9358
2025-10-08 14:41:35,recyclable,0.9346
2025-10-08 14:41:35,recyclable,0.9524
2025-10-08 14:41:35,recyclable,0.9448
2025-10-08 14:41:36,recyclable,0.9614
2025-10-08 14:41:36,recyclable,0.9102
2025-10-08 14:41:36,recyclable,0.8943
2025-10-08 14:41:36,recyclable,0.9269
2025-10-08 14:41:36,recyclable,0.9035
2025-10-08 14:41:37,recyclable,0.9215
2025-10-08 14:41:37,recyclable,0.9227
2025-10-08 14:41:37,recyclable,0.8890
2025-10-08 14:41:37,recyclable,0.8955
2025-10-08 14:41:37,recyclable,0.9088
2025-10-08 14:41:37,recyclable,0.9018
2025-10-08 14:41:38,recyclable,0.9321
2025-10-08 14:41:38,recyclable,0.9060
2025-10-08 14:41:38,recyclable,0.8610
2025-10-08 14:41:38,recyclable,0.9659
2025-10-08 14:41:38,recyclable,0.9499
2025-10-08 14:41:39,recyclable,0.9515
2025-10-08 14:41:39,recyclable,0.9717
2025-10-08 14:41:39,recyclable,0.9754
2025-10-08 14:41:40,recyclable,0.9340
2025-10-08 14:41:40,recyclable,0.8509
2025-10-08 14:41:40,recyclable,0.8384
2025-10-08 14:41:41,recyclable,0.9233
2025-10-08 14:41:41,recyclable,0.9098
2025-10-08 14:41:41,recyclable,0.8336
2025-10-08 14:41:42,recyclable,0.8087
2025-10-08 14:41:42,recyclable,0.8196
2025-10-08 14:41:42,recyclable,0.7466
2025-10-08 14:41:43,recyclable,0.8099
2025-10-08 14:41:43,recyclable,0.8136
2025-10-08 14:41:43,recyclable,0.9037
2025-10-08 14:41:44,recyclable,0.8236
2025-10-08 14:41:44,recyclable,0.8560
2025-10-08 14:41:44,recyclable,0.8999
2025-10-08 14:41:45,recyclable,0.9229
2025-10-08 14:41:45,recyclable,0.9061
2025-10-08 14:41:45,recyclable,0.9174
2025-10-08 14:41:46,recyclable,0.9308
2025-10-08 14:41:46,recyclable,0.9020
2025-10-08 14:41:47,recyclable,0.8539
2025-10-08 14:41:47,recyclable,0.9223
2025-10-08 14:41:47,recyclable,0.8845
2025-10-08 14:41:48,recyclable,0.7816
2025-10-08 14:41:49,recyclable,0.8323
2025-10-08 14:41:49,recyclable,0.7672
2025-10-08 14:41:50,recyclable,0.8750
2025-10-08 14:41:50,recyclable,0.8240
2025-10-08 14:41:50,recyclable,0.8313
2025-10-08 14:41:51,recyclable,0.7999
2025-10-08 14:41:51,recyclable,0.8128
2025-10-08 14:41:51,recyclable,0.9338
2025-10-08 14:41:52,recyclable,0.9324
2025-10-08 14:41:52,recyclable,0.8667
2025-10-08 14:41:52,recyclable,0.9001
2025-10-08 14:41:53,recyclable,0.7247
2025-10-08 14:41:53,recyclable,0.9065
2025-10-08 14:41:53,recyclable,0.9289
2025-10-08 14:41:54,recyclable,0.9256
2025-10-08 14:41:54,recyclable,0.9628
2025-10-08 14:41:54,recyclable,0.9042
2025-10-08 14:41:55,recyclable,0.7457
2025-10-08 14:41:55,recyclable,0.8951
2025-10-08 14:41:55,recyclable,0.8521
2025-10-08 14:41:56,recyclable,0.8023
2025-10-08 14:41:56,recyclable,0.7226
2025-10-08 14:41:56,recyclable,0.9077
2025-10-08 14:41:57,recyclable,0.7981
2025-10-08 14:41:57,recyclable,0.8941
2025-10-08 14:41:57,recyclable,0.9411
2025-10-08 14:41:58,recyclable,0.8585
2025-10-08 14:41:58,recyclable,0.9179
2025-10-08 14:41:58,recyclable,0.8860
2025-10-08 14:41:59,recyclable,0.9424
2025-10-08 14:41:59,recyclable,0.9661
2025-10-08 14:41:59,recyclable,0.9338
2025-10-08 14:42:00,recyclable,0.9229
2025-10-08 14:42:00,recyclable,0.9443
2025-10-08 14:42:00,recyclable,0.9525
2025-10-08 14:42:01,recyclable,0.8621
2025-10-08 14:42:01,recyclable,0.8176
2025-10-08 14:42:01,recyclable,0.8084
2025-10-08 14:42:02,recyclable,0.8851
2025-10-08 14:42:02,recyclable,0.7554
2025-10-08 14:42:02,recyclable,0.7829
2025-10-08 14:42:03,recyclable,0.7327
2025-10-08 14:42:03,recyclable,0.7640
2025-10-08 14:42:04,recyclable,0.8545
2025-10-08 14:42:04,recyclable,0.9217
2025-10-08 14:42:04,recyclable,0.8918
2025-10-08 14:42:05,recyclable,0.9170
2025-10-08 14:42:05,recyclable,0.7616
2025-10-08 14:42:05,recyclable,0.7701
2025-10-08 14:42:08,recyclable,0.8520
2025-10-08 14:42:09,recyclable,0.7076
2025-10-08 14:42:10,recyclable,0.7099
2025-10-08 14:42:10,recyclable,0.7680
2025-10-08 14:42:11,recyclable,0.7748
2025-10-08 14:42:11,recyclable,0.7307
2025-10-08 14:42:11,recyclable,0.8113
2025-10-08 14:42:12,recyclable,0.8358
2025-10-08 14:42:12,recyclable,0.8822
2025-10-08 14:42:12,recyclable,0.7965
2025-10-08 14:42:13,recyclable,0.7855
2025-10-08 14:42:13,recyclable,0.8225
2025-10-08 14:42:13,recyclable,0.7813
2025-10-08 14:42:14,recyclable,0.8134
2025-10-08 14:42:14,recyclable,0.8304
2025-10-08 14:42:14,recyclable,0.7691
2025-10-08 14:42:14,recyclable,0.7171
2025-10-08 14:42:15,recyclable,0.7811
2025-10-08 14:42:16,recyclable,0.7996
2025-10-08 14:42:16,recyclable,0.7089
2025-10-08 14:42:17,recyclable,0.7252
2025-10-08 14:42:17,recyclable,0.7492
2025-10-08 14:42:18,recyclable,0.7075
2025-10-08 14:42:19,recyclable,0.7744
2025-10-08 14:42:19,recyclable,0.7800
2025-10-08 14:42:19,recyclable,0.7155
2025-10-08 14:42:20,recyclable,0.7418
2025-10-08 14:42:20,recyclable,0.8096
2025-10-08 14:42:21,recyclable,0.8051
2025-10-08 14:42:21,recyclable,0.8804
2025-10-08 14:42:21,recyclable,0.8932
2025-10-08 14:42:22,recyclable,0.9056
2025-10-08 14:42:22,recyclable,0.7868
2025-10-08 14:42:22,recyclable,0.7634
2025-10-08 14:42:24,recyclable,0.7681
2025-10-08 14:42:29,recyclable,0.8461
2025-10-08 14:42:37,recyclable,0.7148
2025-10-08 14:42:38,recyclable,0.7064
2025-10-08 14:42:39,recyclable,0.7024
2025-10-08 14:42:39,recyclable,0.7192
2025-10-08 14:42:40,recyclable,0.7986
2025-10-08 14:42:42,recyclable,0.7003
2025-10-08 14:42:42,recyclable,0.8495
2025-10-08 14:42:43,recyclable,0.9228
2025-10-08 14:42:43,recyclable,0.9629
2025-10-08 14:42:43,recyclable,0.9187
2025-10-08 14:42:43,recyclable,0.9355
2025-10-08 14:42:44,recyclable,0.9504
2025-10-08 14:42:44,recyclable,0.9761
2025-10-08 14:42:45,recyclable,0.9675
2025-10-08 14:42:45,recyclable,0.9734
2025-10-08 14:42:45,recyclable,0.9753
2025-10-08 14:42:45,recyclable,0.9830
2025-10-08 14:42:45,recyclable,0.9720
2025-10-08 14:42:45,recyclable,0.9842
2025-10-08 14:42:46,recyclable,0.9619
2025-10-08 14:42:46,hazardous,0.7136
2025-10-08 14:42:46,recyclable,0.7454
2025-10-08 14:42:47,recyclable,0.7773
2025-10-08 14:42:47,recyclable,0.7524
2025-10-08 14:42:48,recyclable,0.7548
2025-10-08 14:42:48,recyclable,0.8638
2025-10-08 14:42:48,recyclable,0.8648
2025-10-08 14:42:48,recyclable,0.7118
2025-10-08 14:42:48,recyclable,0.8278
2025-10-08 14:42:49,recyclable,0.7715
2025-10-08 14:42:49,hazardous,0.9204
2025-10-08 14:42:49,hazardous,0.9746
2025-10-08 14:42:49,hazardous,0.9685
2025-10-08 14:42:49,hazardous,0.9757
2025-10-08 14:42:50,hazardous,0.9702
2025-10-08 14:42:50,hazardous,0.9520
2025-10-08 14:42:50,hazardous,0.9754
2025-10-08 14:42:50,hazardous,0.8535
2025-10-08 14:42:50,recyclable,0.7524
2025-10-08 14:42:51,recyclable,0.9502
2025-10-08 14:42:51,recyclable,0.9100
2025-10-08 14:42:51,recyclable,0.7476
2025-10-08 14:42:52,recyclable,0.7480
2025-10-08 14:42:52,recyclable,0.7998
2025-10-08 14:42:52,recyclable,0.7832
2025-10-08 14:42:52,recyclable,0.7148
2025-10-08 14:42:52,recyclable,0.7832
2025-10-08 14:42:53,recyclable,0.7866
2025-10-08 14:42:53,recyclable,0.7839
2025-10-08 14:42:53,recyclable,0.9021
2025-10-08 14:42:54,recyclable,0.8642
2025-10-08 14:42:54,recyclable,0.8097
2025-10-08 14:42:54,recyclable,0.9335
2025-10-08 14:42:54,recyclable,0.9420
2025-10-08 14:42:54,recyclable,0.9305
2025-10-08 14:42:55,recyclable,0.9768
2025-10-08 14:42:55,recyclable,0.9746
2025-10-08 14:42:55,recyclable,0.9748
2025-10-08 14:42:55,recyclable,0.9717
2025-10-08 14:42:55,recyclable,0.9736
2025-10-08 14:42:56,recyclable,0.9710
2025-10-08 14:42:56,recyclable,0.9722
2025-10-08 14:42:56,recyclable,0.9796
2025-10-08 14:42:56,recyclable,0.8972
2025-10-08 14:42:56,recyclable,0.8880
2025-10-08 14:43:01,recyclable,0.7013
2025-10-08 14:43:02,recyclable,0.9349
2025-10-08 14:43:02,recyclable,0.9691
2025-10-08 14:43:02,recyclable,0.8346
2025-10-08 14:43:04,recyclable,0.9052
2025-10-08 14:43:04,recyclable,0.9470
2025-10-08 14:43:04,recyclable,0.9049
2025-10-08 14:43:05,recyclable,0.9044
2025-10-08 14:43:05,recyclable,0.8554
2025-10-08 14:43:05,recyclable,0.9086
2025-10-08 14:43:06,recyclable,0.8126
2025-10-08 14:43:06,recyclable,0.9016
2025-10-08 14:43:06,recyclable,0.9085
2025-10-08 14:43:07,recyclable,0.8545
2025-10-08 14:43:07,recyclable,0.7725
2025-10-08 14:43:07,recyclable,0.9082
2025-10-08 14:43:08,recyclable,0.7563
2025-10-08 14:43:08,recyclable,0.8269
2025-10-08 14:43:09,recyclable,0.7497
2025-10-08 14:43:09,recyclable,0.8273
2025-10-08 14:43:10,recyclable,0.8864
2025-10-08 14:43:10,recyclable,0.7709
2025-10-08 14:43:10,recyclable,0.8146
2025-10-08 14:43:11,recyclable,0.9349
2025-10-08 14:43:11,recyclable,0.9006
2025-10-08 14:43:12,recyclable,0.9198
2025-10-08 14:43:12,recyclable,0.7484
2025-10-08 14:43:13,recyclable,0.7063
2025-10-08 14:43:14,recyclable,0.7520
2025-10-08 14:43:14,recyclable,0.8400
2025-10-08 14:43:15,recyclable,0.9226
2025-10-08 14:43:15,recyclable,0.9106
2025-10-08 14:43:16,recyclable,0.7735
2025-10-08 14:43:21,recyclable,0.7429
2025-10-08 14:43:23,recyclable,0.8950
2025-10-08 14:43:24,recyclable,0.8038
2025-10-08 14:43:24,recyclable,0.9076
2025-10-08 14:43:24,recyclable,0.9081
2025-10-08 14:43:25,recyclable,0.8971
2025-10-08 14:43:25,recyclable,0.9292
2025-10-08 14:43:25,recyclable,0.7507
2025-10-08 14:43:26,recyclable,0.8132
2025-10-08 14:43:27,recyclable,0.7439
2025-10-08 14:43:33,hazardous,0.7253
2025-10-08 14:43:36,hazardous,0.7188
2025-10-08 14:43:36,hazardous,0.8829
2025-10-08 14:43:36,hazardous,0.7510
2025-10-08 14:43:37,hazardous,0.7576
2025-10-08 14:43:37,hazardous,0.8262
2025-10-08 14:43:37,recyclable,0.8909
2025-10-08 14:43:38,recyclable,0.7152
2025-10-08 14:43:38,recyclable,0.7866
2025-10-08 14:43:39,recyclable,0.7648
2025-10-08 14:43:39,recyclable,0.8802
2025-10-08 14:43:40,recyclable,0.8503
2025-10-08 14:43:40,recyclable,0.9509
2025-10-08 14:43:40,recyclable,0.7619
2025-10-08 14:43:41,recyclable,0.8083
2025-10-08 14:43:42,hazardous,0.7458
2025-10-08 14:43:43,recyclable,0.8465
2025-10-08 14:43:44,recyclable,0.8428
2025-10-08 14:43:44,recyclable,0.8427
2025-10-08 14:43:44,recyclable,0.8194
2025-10-08 14:43:45,recyclable,0.8600
2025-10-08 14:43:45,recyclable,0.7582
2025-10-08 14:43:45,recyclable,0.7179
2025-10-08 14:43:46,recyclable,0.7285
2025-10-08 14:43:46,recyclable,0.8051
2025-10-08 14:43:47,recyclable,0.7240
2025-10-08 14:43:47,recyclable,0.7831
2025-10-08 14:43:48,recyclable,0.7462
2025-10-08 14:43:49,recyclable,0.7047
2025-10-08 14:43:49,recyclable,0.9430
2025-10-08 14:43:49,recyclable,0.8444
2025-10-08 14:43:50,recyclable,0.9312
2025-10-08 14:43:50,recyclable,0.7803
2025-10-08 14:43:52,hazardous,0.8113
2025-10-08 14:43:53,hazardous,0.7159
2025-10-08 14:43:56,hazardous,0.7307
2025-10-08 14:43:56,hazardous,0.7443
2025-10-08 14:43:57,hazardous,0.7659
2025-10-08 14:43:59,hazardous,0.7411
2025-10-08 14:43:59,hazardous,0.7235
2025-10-08 14:44:00,hazardous,0.7681
2025-10-08 14:44:03,hazardous,0.7376
2025-10-08 14:44:04,hazardous,0.7337
2025-10-08 14:44:04,hazardous,0.7140
2025-10-08 14:44:04,hazardous,0.7684
2025-10-08 14:44:05,hazardous,0.7205
2025-10-08 14:44:05,hazardous,0.7849
2025-10-08 14:44:06,hazardous,0.7419
2025-10-08 14:44:06,hazardous,0.8288
2025-10-08 14:44:10,hazardous,0.7699
2025-10-08 14:44:10,hazardous,0.8309
2025-10-08 14:44:11,hazardous,0.7805
2025-10-08 14:44:11,hazardous,0.7458
2025-10-08 14:44:11,hazardous,0.8203
2025-10-08 14:44:16,recyclable,0.8911
2025-10-08 14:44:17,recyclable,0.8299
2025-10-08 14:44:17,recyclable,0.7815
2025-10-08 14:44:17,recyclable,0.8387
2025-10-08 14:44:18,recyclable,0.9270
2025-10-08 14:44:18,recyclable,0.8805
2025-10-08 14:44:18,recyclable,0.8514
2025-10-08 14:44:19,recyclable,0.8382
2025-10-08 14:44:19,recyclable,0.8950
2025-10-08 14:44:19,recyclable,0.7896
2025-10-08 14:44:20,recyclable,0.7921
2025-10-08 14:44:21,recyclable,0.7755
2025-10-08 14:44:21,recyclable,0.8116
2025-10-08 14:44:22,recyclable,0.8576
2025-10-08 14:44:23,recyclable,0.7950
2025-10-08 14:44:23,recyclable,0.8463
2025-10-08 14:44:23,recyclable,0.8405
2025-10-08 14:44:23,recyclable,0.8869
2025-10-08 14:44:24,recyclable,0.8238
2025-10-08 14:44:24,recyclable,0.8127
2025-10-08 14:44:25,recyclable,0.8635
2025-10-08 14:44:25,recyclable,0.8692
2025-10-08 14:44:25,recyclable,0.8558
2025-10-08 14:44:25,recyclable,0.9018
2025-10-08 14:44:26,recyclable,0.7986
2025-10-08 14:44:26,recyclable,0.9162
2025-10-08 14:44:27,recyclable,0.7870
2025-10-08 14:44:28,recyclable,0.8847
2025-10-08 14:44:28,recyclable,0.7125
2025-10-08 14:44:28,recyclable,0.7596
2025-10-08 14:44:29,recyclable,0.8558
2025-10-08 14:44:29,recyclable,0.9336
2025-10-08 14:44:30,recyclable,0.8610
2025-10-08 14:44:31,recyclable,0.8562
2025-10-08 14:44:31,recyclable,0.9301
2025-10-08 14:44:31,recyclable,0.8561
2025-10-08 14:44:32,recyclable,0.9223
2025-10-08 14:44:32,recyclable,0.9492
2025-10-08 14:44:32,recyclable,0.9293
2025-10-08 14:44:33,recyclable,0.9020
2025-10-08 14:44:33,recyclable,0.8930
2025-10-08 14:44:33,recyclable,0.8211
2025-10-08 14:44:34,recyclable,0.8697
2025-10-08 14:44:34,recyclable,0.8733
2025-10-08 14:44:34,recyclable,0.8263
2025-10-08 14:44:35,recyclable,0.7634
2025-10-08 14:44:35,recyclable,0.7137
2025-10-08 14:44:35,recyclable,0.7005
2025-10-08 14:44:36,recyclable,0.8007
2025-10-08 14:44:36,recyclable,0.8177
2025-10-08 14:44:36,recyclable,0.9337
2025-10-08 14:44:37,recyclable,0.8931
2025-10-08 14:44:37,recyclable,0.8957
2025-10-08 14:44:37,recyclable,0.7897
2025-10-08 14:44:38,recyclable,0.8356
2025-10-08 14:44:38,recyclable,0.7939
2025-10-08 14:44:38,recyclable,0.8515
2025-10-08 14:44:39,recyclable,0.7658
2025-10-08 14:44:39,recyclable,0.7923
2025-10-08 14:44:39,recyclable,0.8885
2025-10-08 14:44:40,recyclable,0.8937
2025-10-08 14:44:40,recyclable,0.9310
2025-10-08 14:44:40,recyclable,0.9249
2025-10-08 14:44:41,recyclable,0.9407
2025-10-08 14:44:41,recyclable,0.9366
2025-10-08 14:44:41,recyclable,0.7367
2025-10-08 14:44:43,recyclable,0.8256
2025-10-08 14:44:43,hazardous,0.7135
2025-10-08 14:44:44,recyclable,0.7875
2025-10-08 14:44:45,recyclable,0.7093
2025-10-08 14:44:45,recyclable,0.9006
2025-10-08 14:44:46,recyclable,0.8029
2025-10-08 14:44:46,recyclable,0.7030
2025-10-08 14:44:48,recyclable,0.8194
2025-10-08 14:44:48,recyclable,0.9469
2025-10-08 14:44:48,recyclable,0.9460
2025-10-08 14:44:49,recyclable,0.9245
2025-10-08 14:44:49,recyclable,0.8109
2025-10-08 14:44:49,recyclable,0.8648
2025-10-08 14:44:50,recyclable,0.8527
2025-10-08 14:44:50,recyclable,0.7856
2025-10-08 14:44:51,recyclable,0.8201
2025-10-08 14:44:51,recyclable,0.7044
2025-10-08 14:44:52,recyclable,0.7654
2025-10-08 14:44:53,hazardous,0.7363
2025-10-08 14:44:54,recyclable,0.9540
2025-10-08 14:44:54,recyclable,0.9380
2025-10-08 14:44:55,recyclable,0.8620
2025-10-08 14:44:55,recyclable,0.7273
2025-10-08 14:44:56,hazardous,0.7057
2025-10-08 14:44:56,recyclable,0.8542
2025-10-08 14:44:57,recyclable,0.9487
2025-10-08 14:44:57,recyclable,0.9665
2025-10-08 14:44:58,recyclable,0.9477
2025-10-08 14:44:58,recyclable,0.8017
2025-10-08 14:44:59,recyclable,0.9957
2025-10-08 14:44:59,recyclable,0.9355
2025-10-08 14:44:59,recyclable,0.9246
2025-10-08 14:44:59,hazardous,0.8239
2025-10-08 14:45:00,hazardous,0.7939
2025-10-08 14:45:01,hazardous,0.8852
2025-10-08 14:45:02,hazardous,0.8851
2025-10-08 14:45:02,hazardous,0.8813
2025-10-08 14:45:02,hazardous,0.8278
2025-10-08 14:45:03,hazardous,0.7899
2025-10-08 14:45:03,hazardous,0.7799
2025-10-08 14:45:03,hazardous,0.8137
2025-10-08 14:45:04,hazardous,0.7603
2025-10-08 14:45:06,hazardous,0.7404
2025-10-08 14:45:06,hazardous,0.7186
2025-10-08 14:45:07,hazardous,0.8264
2025-10-08 14:45:07,hazardous,0.9815
2025-10-08 14:45:07,recyclable,0.9508
2025-10-08 14:45:08,recyclable,0.9019
2025-10-08 14:45:08,recyclable,0.9244
2025-10-08 14:45:08,recyclable,0.9485
2025-10-08 14:45:08,recyclable,0.9195
2025-10-08 14:45:08,recyclable,0.8412
2025-10-08 14:45:08,recyclable,0.9064
2025-10-08 14:45:09,hazardous,0.8068
2025-10-08 14:45:09,hazardous,0.7750
2025-10-08 14:45:09,recyclable,0.8029
2025-10-08 14:45:09,recyclable,0.8547
2025-10-08 14:45:10,recyclable,0.8823
2025-10-08 14:45:10,recyclable,0.7960
2025-10-08 14:45:10,recyclable,0.8486
2025-10-08 14:45:10,recyclable,0.9127
2025-10-08 14:45:10,hazardous,0.7159
2025-10-08 14:45:11,hazardous,0.7197
2025-10-08 14:45:11,recyclable,0.9179
2025-10-08 14:45:11,hazardous,0.7859
2025-10-08 14:45:12,biodegradable,0.7018
2025-10-08 14:45:12,recyclable,0.7892
2025-10-08 14:45:12,recyclable,0.7252
2025-10-08 14:45:13,recyclable,0.7741
2025-10-08 14:45:13,recyclable,0.8213
2025-10-08 14:45:13,hazardous,0.8279
2025-10-08 14:45:15,hazardous,0.7100
2025-10-08 14:45:15,hazardous,0.8075
2025-10-08 14:45:17,hazardous,0.8670
2025-10-08 14:45:17,hazardous,0.8189
2025-10-08 14:45:17,hazardous,0.8469
2025-10-08 14:45:17,hazardous,0.7426
2025-10-08 14:45:18,hazardous,0.7524
2025-10-08 14:45:18,recyclable,0.8792
2025-10-08 14:45:19,hazardous,0.7718
2025-10-08 14:45:19,hazardous,0.7591
2025-10-08 14:45:19,hazardous,0.8283
2025-10-08 14:45:19,hazardous,0.8417
2025-10-08 14:45:19,hazardous,0.9233
2025-10-08 14:45:19,hazardous,0.9229
2025-10-08 14:45:19,hazardous,0.9049
2025-10-08 14:45:20,hazardous,0.9469
2025-10-08 14:45:20,hazardous,0.8896
2025-10-08 14:45:20,hazardous,0.8798
2025-10-08 14:45:20,hazardous,0.9265
2025-10-08 14:45:20,hazardous,0.9493
2025-10-08 14:45:20,hazardous,0.9350
2025-10-08 14:45:20,hazardous,0.9722
2025-10-08 14:45:21,hazardous,0.9483
2025-10-08 14:45:21,hazardous,0.9548
2025-10-08 14:45:21,hazardous,0.9738
2025-10-08 14:45:21,hazardous,0.9648
2025-10-08 14:45:21,hazardous,0.9709
2025-10-08 14:45:21,hazardous,0.9685
2025-10-08 14:45:21,hazardous,0.8759
2025-10-08 14:45:22,hazardous,0.9329
2025-10-08 14:45:22,hazardous,0.9541
2025-10-08 14:45:22,hazardous,0.9215
2025-10-08 14:45:22,hazardous,0.9263
2025-10-08 14:45:22,hazardous,0.9370
2025-10-08 14:45:22,hazardous,0.7805
2025-10-08 14:45:23,recyclable,0.7111
2025-10-08 14:45:23,recyclable,0.7943
2025-10-08 14:45:23,recyclable,0.7759
2025-10-08 14:45:23,recyclable,0.9436
2025-10-08 14:45:23,recyclable,0.8997
2025-10-08 14:45:24,recyclable,0.8142
2025-10-08 14:45:24,recyclable,0.8492
2025-10-08 14:45:24,recyclable,0.9281
2025-10-08 14:45:24,recyclable,0.9507
2025-10-08 14:45:24,recyclable,0.9589
2025-10-08 14:45:24,recyclable,0.9804
2025-10-08 14:45:25,recyclable,0.7385
2025-10-08 14:45:25,recyclable,0.9716
2025-10-08 14:45:25,recyclable,0.9898
2025-10-08 14:45:25,recyclable,0.9902
2025-10-08 14:45:25,recyclable,0.9948
2025-10-08 14:45:25,recyclable,0.9968
2025-10-08 14:45:26,recyclable,0.9839
2025-10-08 14:45:26,recyclable,0.9787
2025-10-08 14:45:26,recyclable,0.9890
2025-10-08 14:45:26,recyclable,0.9945
2025-10-08 14:45:26,recyclable,0.9847
2025-10-08 14:45:27,recyclable,0.8205
2025-10-08 14:45:27,recyclable,0.9808
2025-10-08 14:45:27,recyclable,0.9647
2025-10-08 14:45:27,recyclable,0.9803
2025-10-08 14:45:27,recyclable,0.9724
2025-10-08 14:45:27,recyclable,0.9186
2025-10-08 14:45:27,recyclable,0.9431
2025-10-08 14:45:28,recyclable,0.9470
2025-10-08 14:45:28,recyclable,0.9101
2025-10-08 14:45:28,recyclable,0.9312
2025-10-08 14:45:28,recyclable,0.9206
2025-10-08 14:45:29,hazardous,0.7699
2025-10-08 14:45:29,hazardous,0.8665
2025-10-08 14:45:29,hazardous,0.7767
2025-10-08 14:45:29,hazardous,0.8449
2025-10-08 14:45:29,hazardous,0.7543
2025-10-08 14:45:30,hazardous,0.8865
2025-10-08 14:45:30,recyclable,0.8392
2025-10-08 14:45:31,recyclable,0.7523
2025-10-08 14:45:35,hazardous,0.7134
2025-10-08 14:45:36,hazardous,0.7679
2025-10-08 14:45:36,hazardous,0.8690
2025-10-08 14:45:36,hazardous,0.7803
2025-10-08 14:45:39,hazardous,0.8771
2025-10-08 14:45:39,hazardous,0.9624
2025-10-08 14:45:39,hazardous,0.9159
2025-10-08 14:45:39,hazardous,0.7617
2025-10-08 14:45:39,hazardous,0.7265
2025-10-08 14:45:40,hazardous,0.7844
2025-10-08 14:45:40,hazardous,0.8427
2025-10-08 14:45:40,hazardous,0.9215
2025-10-08 14:45:40,hazardous,0.7530
2025-10-08 14:45:41,recyclable,0.8209
2025-10-08 14:45:41,hazardous,0.7546
2025-10-08 14:45:41,hazardous,0.8084
2025-10-08 14:45:41,hazardous,0.8095
2025-10-08 14:45:42,hazardous,0.9041
2025-10-08 14:45:42,hazardous,0.7396
2025-10-08 14:45:42,hazardous,0.8251
2025-10-08 14:45:42,hazardous,0.8548
2025-10-08 14:45:42,hazardous,0.8031
2025-10-08 14:45:42,hazardous,0.8801
2025-10-08 14:45:42,hazardous,0.8686
2025-10-08 14:45:43,hazardous,0.8993
2025-10-08 14:45:43,hazardous,0.9834
2025-10-08 14:45:43,hazardous,0.9345
2025-10-08 14:45:43,hazardous,0.8894
2025-10-08 14:45:43,hazardous,0.7523
2025-10-08 14:45:44,hazardous,0.7021
2025-10-08 14:45:44,hazardous,0.7060
2025-10-08 14:45:45,hazardous,0.8098
2025-10-08 14:45:45,hazardous,0.9629
2025-10-08 14:45:45,hazardous,0.7755
2025-10-08 14:45:46,hazardous,0.8892
2025-10-08 14:45:46,hazardous,0.7186
2025-10-08 14:45:47,hazardous,0.7686
2025-10-08 14:45:47,hazardous,0.8135
2025-10-08 14:45:47,hazardous,0.7355
2025-10-08 14:45:47,hazardous,0.9216
2025-10-08 14:45:48,hazardous,0.9939
2025-10-08 14:45:48,recyclable,0.7355
2025-10-08 14:45:48,recyclable,0.7129
2025-10-08 14:45:48,hazardous,0.8392
2025-10-08 14:45:49,hazardous,0.9526
2025-10-08 14:45:49,hazardous,0.9148
2025-10-08 14:45:49,hazardous,0.7152
2025-10-08 14:45:50,hazardous,0.8309
2025-10-08 14:45:50,hazardous,0.9580
2025-10-08 14:45:51,hazardous,0.7366
2025-10-08 14:45:51,hazardous,0.7364
2025-10-08 14:45:54,recyclable,0.7420
2025-10-08 14:45:54,recyclable,0.8819
2025-10-08 14:45:54,recyclable,0.7456
2025-10-08 14:45:55,recyclable,0.7293
2025-10-08 14:45:55,recyclable,0.9448
2025-10-08 14:45:55,recyclable,0.9672
2025-10-08 14:45:56,recyclable,0.9393
2025-10-08 14:45:56,recyclable,0.7611
2025-10-08 14:45:56,recyclable,0.7741
2025-10-08 14:45:56,recyclable,0.8229
2025-10-08 14:45:56,recyclable,0.8388
2025-10-08 14:45:57,recyclable,0.9859
2025-10-08 14:45:57,recyclable,0.7546
2025-10-08 14:45:57,recyclable,0.9120
2025-10-08 14:45:57,recyclable,0.8724
2025-10-08 14:45:57,recyclable,0.9378
2025-10-08 14:45:58,hazardous,0.8118
2025-10-08 14:45:58,recyclable,0.9702
2025-10-08 14:45:59,recyclable,0.8490
2025-10-08 14:45:59,recyclable,0.9743
2025-10-08 14:45:59,recyclable,0.8939
2025-10-08 14:45:59,recyclable,0.8886
2025-10-08 14:45:59,recyclable,0.9176
2025-10-08 14:45:59,recyclable,0.9106
2025-10-08 14:46:00,recyclable,0.9468
2025-10-08 14:46:00,recyclable,0.7512
2025-10-08 14:46:00,recyclable,0.8267
2025-10-08 14:46:00,recyclable,0.7423
2025-10-08 14:46:00,recyclable,0.7400
2025-10-08 14:46:00,recyclable,0.8674
2025-10-08 14:46:01,recyclable,0.9490
2025-10-08 14:46:01,recyclable,0.8329
2025-10-08 14:46:01,recyclable,0.7789
2025-10-08 14:46:01,recyclable,0.7999
2025-10-08 14:46:01,recyclable,0.9457
2025-10-08 14:46:01,recyclable,0.8027
2025-10-08 14:46:02,recyclable,0.9183
2025-10-08 14:46:02,recyclable,0.7924
2025-10-08 14:46:02,recyclable,0.9156
2025-10-08 14:46:02,recyclable,0.9436
2025-10-08 14:46:02,recyclable,0.9936
2025-10-08 14:46:02,recyclable,0.9205
2025-10-08 14:46:02,recyclable,0.9823
2025-10-08 14:46:03,recyclable,0.8632
2025-10-08 14:46:03,hazardous,0.7306
2025-10-08 14:46:03,hazardous,0.8492
2025-10-08 14:46:04,recyclable,0.7173
2025-10-08 14:46:04,hazardous,0.7539
2025-10-08 14:46:04,recyclable,0.7788
2025-10-08 14:46:04,recyclable,0.7184
2025-10-08 14:46:04,recyclable,0.7899
2025-10-11 12:49:07,hazardous,0.9032
2025-10-11 12:49:10,recyclable,0.7979
2025-10-11 12:49:11,hazardous,0.7098
2025-10-11 12:49:11,recyclable,0.7804
2025-10-11 12:49:12,recyclable,0.9895
2025-10-11 12:49:12,recyclable,0.9605
2025-10-11 12:49:13,recyclable,0.9840
2025-10-11 12:49:13,recyclable,0.9812
2025-10-11 12:49:13,recyclable,0.9938
2025-10-11 12:49:13,recyclable,0.9739
2025-10-11 12:49:13,recyclable,0.9641
2025-10-11 12:49:14,recyclable,0.9829
2025-10-11 12:49:14,recyclable,0.9862
2025-10-11 12:49:14,recyclable,0.9916
2025-10-11 12:49:14,recyclable,0.9828
2025-10-11 12:49:14,recyclable,0.9897
2025-10-11 12:49:14,recyclable,0.9943
2025-10-11 12:49:14,recyclable,0.9596
2025-10-11 12:49:14,recyclable,0.9437
2025-10-11 12:49:15,recyclable,0.8871
2025-10-11 12:49:15,recyclable,0.9267
2025-10-11 12:49:15,recyclable,0.9037
2025-10-11 12:49:15,recyclable,0.9968
2025-10-11 12:49:16,recyclable,0.9963
2025-10-11 12:49:16,recyclable,0.9958
2025-10-11 12:49:16,recyclable,0.9886
2025-10-11 12:49:16,recyclable,0.9957
2025-10-11 12:49:16,recyclable,0.9936
2025-10-11 12:49:16,recyclable,0.9932
2025-10-11 12:49:16,recyclable,0.9563
2025-10-11 12:49:17,recyclable,0.9852
2025-10-11 12:49:17,recyclable,0.9910
2025-10-11 12:49:17,recyclable,0.9675
2025-10-11 12:49:17,recyclable,0.9987
2025-10-11 12:49:17,recyclable,0.9911
2025-10-11 12:49:17,recyclable,0.9916
2025-10-11 12:49:18,recyclable,0.9995
2025-10-11 12:49:18,recyclable,0.9989
2025-10-11 12:49:18,recyclable,0.9990
2025-10-11 12:49:18,recyclable,0.9910
2025-10-11 12:49:18,recyclable,0.9977
2025-10-11 12:49:18,recyclable,0.9950
2025-10-11 12:49:19,recyclable,0.7474
2025-10-11 12:49:19,hazardous,0.7459
2025-10-11 12:49:19,hazardous,0.7680
2025-10-11 12:49:19,hazardous,0.9237
2025-10-11 12:49:19,hazardous,0.9927
2025-10-11 12:49:19,hazardous,0.9245
2025-10-11 12:49:19,hazardous,0.8077
2025-10-11 12:49:20,hazardous,0.8734
2025-10-11 12:49:20,hazardous,0.7923
2025-10-11 12:49:20,hazardous,0.9147
2025-10-11 12:49:20,hazardous,0.8580
2025-10-11 12:49:20,hazardous,0.9462
2025-10-11 12:49:20,hazardous,0.9505
2025-10-11 12:49:20,hazardous,0.8607
2025-10-11 12:49:21,hazardous,0.8935
2025-10-11 12:49:21,hazardous,0.9605
2025-10-11 12:49:21,hazardous,0.9272
2025-10-11 12:49:21,hazardous,0.9225
2025-10-11 12:49:21,hazardous,0.9467
2025-10-11 12:49:22,hazardous,0.9769
2025-10-11 12:49:22,hazardous,0.7475
2025-10-11 12:49:22,hazardous,0.7564
2025-10-11 12:49:22,hazardous,0.8436
2025-10-11 12:49:23,hazardous,0.8756
2025-10-11 12:49:24,recyclable,0.7862
2025-10-11 12:49:24,recyclable,0.7408
2025-10-11 12:49:25,recyclable,0.7090
2025-10-11 12:49:25,recyclable,0.7398
2025-10-11 12:49:26,recyclable,0.8048
2025-10-11 12:49:26,recyclable,0.8561
2025-10-11 12:49:26,recyclable,0.7112
2025-10-11 12:49:26,recyclable,0.8729
2025-10-11 12:49:27,recyclable,0.7730
2025-10-11 12:49:27,hazardous,0.7015
2025-10-11 12:49:27,recyclable,0.7107
2025-10-11 12:49:27,recyclable,0.8411
2025-10-11 12:49:28,recyclable,0.8684
2025-10-11 12:49:29,recyclable,0.8105
2025-10-11 12:49:29,recyclable,0.9226
2025-10-11 12:49:29,recyclable,0.9202
2025-10-11 12:49:29,recyclable,0.9120
2025-10-11 12:49:30,recyclable,0.9260
2025-10-11 12:49:30,recyclable,0.8559
2025-10-11 12:49:30,recyclable,0.9515
2025-10-11 12:49:30,recyclable,0.9390
2025-10-11 12:49:30,recyclable,0.9322
2025-10-11 12:49:30,recyclable,0.7041
2025-10-11 12:49:31,recyclable,0.7017
2025-10-11 12:49:32,recyclable,0.9239
2025-10-11 12:49:34,recyclable,0.7854
2025-10-11 12:49:34,recyclable,0.7513
2025-10-11 12:49:34,recyclable,0.7225
2025-10-11 12:49:34,recyclable,0.8403
2025-10-11 12:49:34,recyclable,0.9114
2025-10-11 12:49:35,recyclable,0.7022
2025-10-11 12:49:35,hazardous,0.7163
2025-10-11 12:49:35,hazardous,0.7500
2025-10-11 12:49:36,recyclable,0.8889
2025-10-11 12:49:36,hazardous,0.8422
2025-10-11 12:49:36,hazardous,0.8502
2025-10-11 12:49:36,hazardous,0.7777
2025-10-11 12:49:37,recyclable,0.7099
2025-10-11 12:49:37,recyclable,0.7135
2025-10-11 12:49:37,recyclable,0.7586
2025-10-11 12:49:37,recyclable,0.8234
2025-10-11 12:49:37,recyclable,0.7263
2025-10-11 12:49:38,hazardous,0.7018
2025-10-11 12:49:39,hazardous,0.8575
2025-10-11 12:49:39,hazardous,0.7901
2025-10-11 12:49:39,recyclable,0.9382
2025-10-11 12:49:40,recyclable,0.9433
2025-10-11 12:49:40,recyclable,0.9388
2025-10-11 12:49:40,recyclable,0.7279
2025-10-11 12:49:40,recyclable,0.8467
2025-10-11 12:49:40,recyclable,0.7762
2025-10-11 12:49:41,recyclable,0.7797
2025-10-11 12:49:41,recyclable,0.7341
2025-10-11 12:49:41,recyclable,0.7398
2025-10-11 12:49:42,recyclable,0.7678
2025-10-11 12:49:42,recyclable,0.7370
2025-10-11 12:49:42,recyclable,0.8023
2025-10-11 12:49:42,recyclable,0.7622
2025-10-11 12:49:42,recyclable,0.8945
2025-10-11 12:49:43,recyclable,0.7014
2025-10-11 12:49:43,recyclable,0.7256
2025-10-11 12:49:43,recyclable,0.8430
2025-10-11 12:49:43,recyclable,0.9627
2025-10-11 12:49:43,hazardous,0.8408
2025-10-11 12:49:43,hazardous,0.8297
2025-10-11 12:49:44,hazardous,0.9533
2025-10-11 12:49:44,hazardous,0.9326
2025-10-11 12:49:44,hazardous,0.9781
2025-10-11 12:49:44,hazardous,0.8860
2025-10-11 12:49:44,hazardous,0.8516
2025-10-11 12:49:45,hazardous,0.9091
2025-10-11 12:49:45,hazardous,0.9316
2025-10-11 12:49:45,hazardous,0.8428
2025-10-11 12:49:45,hazardous,0.9172
2025-10-11 12:49:45,hazardous,0.8519
2025-10-11 12:49:45,hazardous,0.7932
2025-10-11 12:49:46,hazardous,0.8147
2025-10-11 12:49:46,hazardous,0.8985
2025-10-11 12:49:46,hazardous,0.9185
2025-10-11 12:49:46,hazardous,0.8435
2025-10-11 12:49:46,hazardous,0.7920
2025-10-11 12:49:46,hazardous,0.9089
2025-10-11 12:49:46,hazardous,0.9667
2025-10-11 12:49:47,hazardous,0.9413
2025-10-11 12:49:47,hazardous,0.9208
2025-10-11 12:49:47,hazardous,0.8883
2025-10-11 12:49:47,hazardous,0.8994
2025-10-11 12:49:47,hazardous,0.7949
2025-10-11 12:49:47,hazardous,0.7352
2025-10-11 12:49:48,hazardous,0.8374
2025-10-11 12:49:48,hazardous,0.7450
2025-10-11 12:49:48,hazardous,0.8603
2025-10-11 12:49:48,recyclable,0.7648
2025-10-11 12:49:49,recyclable,0.8939
2025-10-11 12:49:49,recyclable,0.7017
2025-10-11 12:49:50,recyclable,0.7632
2025-10-11 12:49:51,recyclable,0.7732
2025-10-11 12:49:51,recyclable,0.9048
2025-10-11 12:49:51,recyclable,0.8913
2025-10-11 12:49:51,recyclable,0.8586
2025-10-11 12:49:51,recyclable,0.7568
2025-10-11 12:49:52,hazardous,0.8942
2025-10-11 12:49:52,hazardous,0.8652
2025-10-11 12:49:52,hazardous,0.7588
2025-10-11 12:49:52,hazardous,0.7723
2025-10-11 12:49:52,hazardous,0.9002
2025-10-11 12:49:52,hazardous,0.8432
2025-10-11 12:49:53,hazardous,0.8813
2025-10-11 12:49:53,hazardous,0.7669
2025-10-11 12:49:54,recyclable,0.7686
2025-10-11 12:49:55,recyclable,0.9437
2025-10-11 12:49:55,recyclable,0.9044
2025-10-11 12:49:55,recyclable,0.8783
2025-10-11 12:49:56,recyclable,0.9231
2025-10-11 12:49:56,recyclable,0.8113
2025-10-11 12:49:56,recyclable,0.9217
2025-10-11 12:49:56,recyclable,0.9579
2025-10-11 12:49:56,recyclable,0.9422
2025-10-11 12:49:56,recyclable,0.9680
2025-10-11 12:49:56,recyclable,0.8516
2025-10-11 12:57:24,recyclable,0.8140
2025-10-11 12:57:25,recyclable,0.7877
2025-10-11 12:57:26,recyclable,0.9652
2025-10-11 12:57:26,recyclable,0.9685
2025-10-11 12:57:26,recyclable,0.9886
2025-10-11 12:57:26,recyclable,0.9761
2025-10-11 12:57:27,recyclable,0.9038
2025-10-11 12:57:27,recyclable,0.9475
2025-10-11 12:57:27,recyclable,0.9735
2025-10-11 12:57:27,hazardous,0.7492
2025-10-11 12:57:27,recyclable,0.9208
2025-10-11 12:57:28,recyclable,0.7773
2025-10-11 12:57:28,hazardous,0.7292
2025-10-11 12:57:28,recyclable,0.9346
2025-10-11 12:57:28,recyclable,0.9695
2025-10-11 12:57:28,recyclable,0.9110
2025-10-11 12:57:29,recyclable,0.8865
2025-10-11 12:57:29,recyclable,0.9844
2025-10-11 12:57:29,recyclable,0.9684
2025-10-11 12:57:29,recyclable,0.9562
2025-10-11 12:57:29,recyclable,0.9769
2025-10-11 12:57:29,recyclable,0.9379
2025-10-11 12:57:29,recyclable,0.9869
2025-10-11 12:57:30,recyclable,0.9939
2025-10-11 12:57:30,recyclable,0.9856
2025-10-11 12:57:30,recyclable,0.9928
2025-10-11 12:57:30,recyclable,0.9834
2025-10-11 12:57:30,recyclable,0.9021
2025-10-11 12:57:30,recyclable,0.8069
2025-10-11 12:57:30,recyclable,0.7837
2025-10-11 12:57:31,recyclable,0.7196
2025-10-11 12:57:31,recyclable,0.8302
2025-10-11 12:57:31,recyclable,0.9030
2025-10-11 12:57:31,recyclable,0.8844
2025-10-11 12:57:31,recyclable,0.8557
2025-10-11 12:57:32,recyclable,0.9720
2025-10-11 12:57:32,recyclable,0.9577
2025-10-11 12:57:32,recyclable,0.8777
2025-10-11 12:57:32,recyclable,0.7721
2025-10-11 12:57:32,recyclable,0.7075
2025-10-11 12:57:32,recyclable,0.7838
2025-10-11 12:57:33,recyclable,0.7632
2025-10-11 12:57:33,recyclable,0.7187
2025-10-11 12:57:33,recyclable,0.8590
2025-10-11 12:57:33,recyclable,0.8207
2025-10-11 12:57:33,recyclable,0.8399
2025-10-11 12:57:34,recyclable,0.8967
2025-10-11 12:57:34,recyclable,0.9275
2025-10-11 12:57:34,recyclable,0.9430
2025-10-11 12:57:34,recyclable,0.9606
2025-10-11 12:57:34,recyclable,0.9704
2025-10-11 12:57:34,recyclable,0.9755
2025-10-11 12:57:35,recyclable,0.9903
2025-10-11 12:57:35,recyclable,0.9759
2025-10-11 12:57:35,recyclable,0.9828
2025-10-11 12:57:35,recyclable,0.9808
2025-10-11 12:57:35,recyclable,0.9827
2025-10-11 12:57:36,recyclable,0.9103
2025-10-11 12:57:36,recyclable,0.7426
2025-10-11 12:57:37,hazardous,0.9696
2025-10-11 12:57:37,hazardous,0.9705
2025-10-11 12:57:37,hazardous,0.7156
2025-10-11 12:57:38,recyclable,0.7709
2025-10-11 12:57:38,hazardous,0.9366
2025-10-11 12:57:38,recyclable,0.8478
2025-10-11 12:57:38,recyclable,0.7363
2025-10-11 12:57:38,recyclable,0.8646
2025-10-11 12:57:39,hazardous,0.8146
2025-10-11 12:57:39,recyclable,0.8650
2025-10-11 12:57:39,hazardous,0.9369
2025-10-11 12:57:39,hazardous,0.9757
2025-10-11 12:57:39,hazardous,0.9218
2025-10-11 12:57:40,recyclable,0.7195
2025-10-11 12:57:40,recyclable,0.9024
2025-10-11 12:57:40,recyclable,0.9402
2025-10-11 12:57:40,recyclable,0.7461
2025-10-11 12:57:41,recyclable,0.8308
2025-10-11 12:57:41,recyclable,0.9072
2025-10-11 12:57:41,recyclable,0.8635
2025-10-11 12:57:41,recyclable,0.8607
2025-10-11 12:57:41,recyclable,0.9775
2025-10-11 12:57:41,recyclable,0.9848
2025-10-11 12:57:42,recyclable,0.7418
2025-10-11 12:57:42,recyclable,0.7425
2025-10-11 12:57:42,recyclable,0.7514
2025-10-11 12:57:42,recyclable,0.9513
2025-10-11 12:57:43,recyclable,0.7764
2025-10-11 12:57:43,recyclable,0.9055
2025-10-11 12:57:43,recyclable,0.9267
2025-10-11 12:57:43,recyclable,0.9175
2025-10-11 12:57:43,recyclable,0.9547
2025-10-11 12:57:43,recyclable,0.9532
2025-10-11 12:57:43,recyclable,0.9726
2025-10-11 12:57:44,recyclable,0.8333
2025-10-11 12:57:44,recyclable,0.8943
2025-10-11 12:57:44,recyclable,0.9032
2025-10-11 12:57:44,hazardous,0.7501
2025-10-11 12:57:44,recyclable,0.8132
2025-10-11 12:57:44,hazardous,0.7392
2025-10-11 12:57:45,hazardous,0.9352
2025-10-11 12:57:45,hazardous,0.8802
2025-10-11 12:57:45,recyclable,0.7989
2025-10-11 12:57:45,recyclable,0.7329
2025-10-11 12:57:45,recyclable,0.7968
2025-10-11 12:57:45,recyclable,0.8805
2025-10-11 12:57:46,hazardous,0.8687
2025-10-11 12:57:46,hazardous,0.7905
2025-10-11 12:57:46,hazardous,0.9140
2025-10-11 12:57:47,recyclable,0.8425
2025-10-11 12:57:47,recyclable,0.7715
2025-10-11 12:57:47,hazardous,0.8262
2025-10-11 12:57:47,hazardous,0.8661
2025-10-11 12:57:48,hazardous,0.7754
2025-10-11 12:57:48,hazardous,0.7917
2025-10-11 12:57:48,hazardous,0.8472
2025-10-11 12:57:48,hazardous,0.8040
2025-10-11 12:57:48,hazardous,0.8776
2025-10-11 12:57:49,hazardous,0.8113
2025-10-11 12:57:49,hazardous,0.8605
2025-10-11 12:57:49,recyclable,0.7817
2025-10-11 12:57:50,recyclable,0.8667
2025-10-11 12:57:50,recyclable,0.7651
2025-10-11 12:57:50,recyclable,0.7562
2025-10-11 12:57:50,recyclable,0.7560
2025-10-11 12:57:50,recyclable,0.8724
2025-10-11 12:57:50,recyclable,0.8826
2025-10-11 12:57:50,recyclable,0.9610
2025-10-11 12:57:50,recyclable,0.8894
2025-10-11 12:57:51,recyclable,0.9765
2025-10-11 12:57:51,recyclable,0.9785
2025-10-11 12:57:51,recyclable,0.9516
2025-10-11 12:57:51,recyclable,0.7691
2025-10-11 12:57:51,recyclable,0.7450
2025-10-11 12:57:52,recyclable,0.7204
2025-10-11 12:57:52,recyclable,0.8222
2025-10-11 12:57:53,recyclable,0.8464
2025-10-11 12:57:53,recyclable,0.8258
2025-10-11 12:57:53,recyclable,0.7996
2025-10-11 12:57:54,recyclable,0.8086
2025-10-11 12:57:54,hazardous,0.7376
2025-10-11 12:57:54,recyclable,0.7688
2025-10-11 12:57:54,recyclable,0.8170
2025-10-11 12:57:55,recyclable,0.7157
2025-10-11 12:57:56,recyclable,0.7924
2025-10-11 12:57:56,recyclable,0.8872
2025-10-11 12:57:56,recyclable,0.8703
2025-10-11 12:57:56,recyclable,0.9419
2025-10-11 12:57:57,recyclable,0.8723
2025-10-11 12:57:57,recyclable,0.8150
2025-10-11 12:57:57,recyclable,0.7514
2025-10-11 12:57:57,hazardous,0.7167
2025-10-11 12:57:58,recyclable,0.7696
2025-10-11 12:57:58,recyclable,0.7298
2025-10-11 12:57:58,recyclable,0.7575
2025-10-11 12:57:58,hazardous,0.7703
2025-10-11 12:57:58,hazardous,0.9125
2025-10-11 12:57:58,hazardous,0.9940
2025-10-11 12:57:58,hazardous,0.9977
2025-10-11 12:57:59,hazardous,0.9994
2025-10-11 12:57:59,hazardous,0.9993
2025-10-11 12:57:59,hazardous,0.9986
2025-10-11 12:57:59,hazardous,0.9972
2025-10-11 12:57:59,hazardous,0.9934
2025-10-11 12:57:59,hazardous,0.9965
2025-10-11 12:57:59,hazardous,0.9929
2025-10-11 12:58:00,hazardous,0.9981
2025-10-11 12:58:00,hazardous,0.9982
2025-10-11 12:58:00,hazardous,0.9982
2025-10-11 12:58:00,hazardous,0.9986
2025-10-11 12:58:00,hazardous,0.9967
2025-10-11 12:58:01,recyclable,0.9240
2025-10-11 12:58:01,recyclable,0.7703
2025-10-11 12:58:01,recyclable,0.8539
2025-10-11 12:58:01,recyclable,0.8130
2025-10-11 12:58:01,recyclable,0.7633
2025-10-11 12:58:01,recyclable,0.8845
2025-10-11 12:58:01,recyclable,0.8677
2025-10-11 12:58:02,recyclable,0.9526
2025-10-11 12:58:02,recyclable,0.9008
2025-10-11 12:58:02,recyclable,0.8804
2025-10-11 12:58:02,recyclable,0.9435
2025-10-11 12:58:02,recyclable,0.9367
2025-10-11 12:58:02,recyclable,0.9326
2025-10-11 12:58:02,recyclable,0.8695
2025-10-11 12:58:02,recyclable,0.8642
2025-10-11 12:58:03,hazardous,0.7972
2025-10-11 12:58:03,hazardous,0.7290
2025-10-11 12:58:04,hazardous,0.9199
2025-10-11 12:58:04,recyclable,0.7047
2025-10-11 12:58:05,recyclable,0.7263
2025-10-11 12:58:05,recyclable,0.8577
2025-10-11 12:58:05,recyclable,0.8962
2025-10-11 12:58:06,recyclable,0.9134
2025-10-11 12:58:06,recyclable,0.9245
2025-10-11 12:58:06,recyclable,0.9491
2025-10-11 12:58:06,recyclable,0.9846
2025-10-11 12:58:06,recyclable,0.9934
2025-10-11 12:58:07,recyclable,0.9693
2025-10-11 12:58:07,recyclable,0.9656
2025-10-11 12:58:07,recyclable,0.9450
2025-10-11 12:58:07,recyclable,0.9745
2025-10-11 12:58:07,recyclable,0.9898
2025-10-11 12:58:07,recyclable,0.9946
2025-10-11 12:58:07,recyclable,0.9919
2025-10-11 12:58:08,recyclable,0.9814
2025-10-11 12:58:08,recyclable,0.9513
2025-10-11 12:58:08,recyclable,0.9038
2025-10-11 12:58:08,recyclable,0.8547
2025-10-11 12:58:08,recyclable,0.7230
2025-10-11 12:58:09,hazardous,0.7861
2025-10-11 12:58:09,recyclable,0.9421
2025-10-11 12:58:09,recyclable,0.9580
2025-10-11 12:58:09,recyclable,0.9197
2025-10-11 12:58:09,recyclable,0.7897
2025-10-11 12:58:10,hazardous,0.7479
2025-10-11 12:58:10,hazardous,0.8037
2025-10-11 12:58:10,hazardous,0.9045
2025-10-11 12:58:10,hazardous,0.8390
2025-10-11 12:58:11,hazardous,0.8429
2025-10-11 12:58:11,hazardous,0.7279
2025-10-11 12:58:11,recyclable,0.9800
2025-10-11 12:58:11,hazardous,0.7497
2025-10-11 12:58:11,hazardous,0.8498
2025-10-11 12:58:11,hazardous,0.9318
2025-10-11 12:58:12,hazardous,0.9208
2025-10-11 12:58:12,hazardous,0.9461
2025-10-11 12:58:12,hazardous,0.9519
2025-10-11 12:58:12,hazardous,0.9882
2025-10-11 12:58:12,hazardous,0.9987
2025-10-11 12:58:12,hazardous,0.9963
2025-10-11 12:58:13,hazardous,0.9971
2025-10-11 12:58:13,recyclable,0.8824
2025-10-11 12:58:13,recyclable,0.7181
2025-10-11 12:58:14,hazardous,0.7904
2025-10-11 12:58:14,hazardous,0.7842
2025-10-11 12:58:15,recyclable,0.8616
2025-10-11 12:58:16,recyclable,0.7426
2025-10-11 12:58:16,recyclable,0.7924
2025-10-11 12:58:16,hazardous,0.7667
2025-10-11 12:58:16,hazardous,0.8059
2025-10-11 12:58:17,recyclable,0.7301
2025-10-11 12:58:17,recyclable,0.8540
2025-10-11 12:58:17,recyclable,0.8867
2025-10-11 12:58:17,recyclable,0.8162
2025-10-11 12:58:17,recyclable,0.8156
2025-10-11 12:58:17,recyclable,0.7415
2025-10-11 12:58:18,hazardous,0.7758
2025-10-11 12:58:18,recyclable,0.7165
2025-10-11 12:58:18,hazardous,0.7501
2025-10-11 12:58:18,hazardous,0.9408
2025-10-11 12:58:18,hazardous,0.9166
2025-10-11 12:58:18,hazardous,0.9741
2025-10-11 12:58:19,hazardous,0.9347
2025-10-11 12:58:19,hazardous,0.9387
2025-10-11 12:58:19,hazardous,0.8793
2025-10-11 12:58:19,hazardous,0.9029
2025-10-11 12:58:19,hazardous,0.8732
2025-10-11 12:58:20,hazardous,0.7134
2025-10-11 12:58:20,recyclable,0.7714
2025-10-11 12:58:20,hazardous,0.7054
2025-10-11 12:58:20,hazardous,0.7056
2025-10-11 12:58:21,recyclable,0.8648
2025-10-11 12:58:21,recyclable,0.7600
2025-10-11 12:58:21,recyclable,0.7243
2025-10-11 12:58:21,recyclable,0.9266
2025-10-11 12:58:22,recyclable,0.9579
2025-10-11 12:58:22,recyclable,0.7932
2025-10-11 12:58:22,recyclable,0.8604
2025-10-11 12:58:22,recyclable,0.7876
2025-10-11 12:58:22,recyclable,0.8570
2025-10-11 12:58:22,recyclable,0.8715
2025-10-11 12:58:23,recyclable,0.9232
2025-10-11 12:58:23,recyclable,0.9534
2025-10-11 12:58:23,recyclable,0.9524
2025-10-11 12:58:23,recyclable,0.9893
2025-10-11 12:58:23,recyclable,0.9725
2025-10-11 12:58:23,recyclable,0.9680
2025-10-11 12:58:23,recyclable,0.9586
2025-10-11 12:58:24,recyclable,0.8455
2025-10-11 12:58:24,recyclable,0.8243
2025-10-11 12:58:24,recyclable,0.7285
2025-10-11 12:58:24,recyclable,0.7211
2025-10-11 12:58:25,recyclable,0.7712
2025-10-11 12:58:25,hazardous,0.8479
2025-10-11 12:58:25,recyclable,0.8428
2025-10-11 12:58:25,recyclable,0.9674
2025-10-11 12:58:25,recyclable,0.8000
2025-10-11 12:58:26,recyclable,0.7891
2025-10-11 12:58:26,recyclable,0.8727
2025-10-11 12:58:26,recyclable,0.9703
2025-10-11 12:58:26,recyclable,0.8504
2025-10-11 12:58:26,recyclable,0.7969
2025-10-11 12:58:26,recyclable,0.8574
2025-10-11 12:58:26,recyclable,0.9637
2025-10-11 12:58:27,recyclable,0.9399
2025-10-11 12:58:27,recyclable,0.7485
2025-10-11 12:58:27,recyclable,0.9142
2025-10-11 12:58:27,recyclable,0.8807
2025-10-11 12:58:27,recyclable,0.9258
2025-10-11 12:58:27,recyclable,0.8146
2025-10-11 12:58:27,recyclable,0.8429
2025-10-11 12:58:28,recyclable,0.9291
2025-10-11 12:58:28,recyclable,0.7847
2025-10-11 12:58:28,recyclable,0.7710
2025-10-11 12:58:28,recyclable,0.7337
2025-10-11 12:58:28,recyclable,0.8658
2025-10-11 12:58:28,recyclable,0.8705
2025-10-11 12:58:29,recyclable,0.8334
2025-10-11 12:58:29,recyclable,0.8984
2025-10-11 12:58:29,recyclable,0.8479
2025-10-11 12:58:30,recyclable,0.7797
2025-10-11 12:58:30,hazardous,0.7541
2025-10-11 12:58:30,recyclable,0.8313
2025-10-11 12:58:30,recyclable,0.9661
2025-10-11 12:58:30,recyclable,0.9272
2025-10-11 12:58:30,recyclable,0.9466
2025-10-11 12:58:31,recyclable,0.9137
2025-10-11 12:58:31,recyclable,0.8572
2025-10-11 12:58:31,recyclable,0.9257
2025-10-11 12:58:31,recyclable,0.9533
2025-10-11 12:58:31,recyclable,0.9015
2025-10-11 12:58:31,recyclable,0.9525
2025-10-11 12:58:31,recyclable,0.8753
2025-10-11 12:58:32,recyclable,0.7981
2025-10-11 12:58:32,recyclable,0.8419
2025-10-11 12:58:32,recyclable,0.9717
2025-10-11 12:58:32,recyclable,0.9452
2025-10-11 12:58:32,recyclable,0.8808
2025-10-11 12:58:33,recyclable,0.9575
2025-10-11 12:58:33,recyclable,0.9150
2025-10-11 12:58:33,recyclable,0.8393
2025-10-11 12:58:33,recyclable,0.7718
2025-10-11 12:58:33,recyclable,0.9155
2025-10-11 12:58:33,recyclable,0.9014
2025-10-11 12:58:33,recyclable,0.8930
2025-10-11 12:58:34,recyclable,0.8128
2025-10-11 12:58:34,recyclable,0.7741
2025-10-11 12:58:34,recyclable,0.8258
2025-10-11 12:58:34,recyclable,0.8371
2025-10-11 12:58:34,recyclable,0.8304
2025-10-11 12:58:34,recyclable,0.7985
2025-10-11 12:58:34,recyclable,0.7636
2025-10-11 12:58:35,recyclable,0.7118
2025-10-11 12:58:35,recyclable,0.8831
2025-10-11 12:58:35,recyclable,0.8064
2025-10-11 12:58:35,recyclable,0.7615
2025-10-11 12:58:35,recyclable,0.8432
2025-10-11 12:58:36,recyclable,0.8225
2025-10-11 12:58:36,recyclable,0.8127
2025-10-11 12:58:36,recyclable,0.7718
2025-10-11 12:58:36,recyclable,0.8624
2025-10-11 12:58:37,recyclable,0.7727
2025-10-11 12:58:37,recyclable,0.7742
2025-10-11 12:58:37,recyclable,0.8154
2025-10-11 12:58:37,recyclable,0.8145
2025-10-11 12:58:38,recyclable,0.7692
2025-10-11 12:58:38,recyclable,0.8096
2025-10-11 12:58:38,recyclable,0.8208
2025-10-11 12:58:39,recyclable,0.9515
2025-10-11 12:58:39,recyclable,0.9650
2025-10-11 12:58:39,recyclable,0.9395
2025-10-11 12:58:39,recyclable,0.9610
2025-10-11 12:58:39,recyclable,0.8897
2025-10-11 12:58:39,recyclable,0.7461
2025-10-11 12:58:40,recyclable,0.8133
2025-10-11 12:58:40,recyclable,0.7910
2025-10-11 12:58:40,recyclable,0.9096
2025-10-11 12:58:40,recyclable,0.7087
2025-10-11 12:58:40,recyclable,0.8032
2025-10-11 12:58:40,recyclable,0.7809
2025-10-11 12:58:41,recyclable,0.7200
2025-10-11 12:58:41,recyclable,0.8907
2025-10-11 12:58:41,recyclable,0.7995
2025-10-11 12:58:41,recyclable,0.9199
2025-10-11 12:58:41,recyclable,0.8507
2025-10-11 12:58:41,recyclable,0.9343
2025-10-11 12:58:41,recyclable,0.9299
2025-10-11 12:58:42,recyclable,0.8749
2025-10-11 12:58:42,recyclable,0.8240
2025-10-11 12:58:42,recyclable,0.7997
2025-10-11 12:58:42,recyclable,0.8662
2025-10-11 12:58:42,recyclable,0.8729
2025-10-11 12:58:42,recyclable,0.8900
2025-10-11 12:58:43,recyclable,0.9016
2025-10-11 12:58:43,recyclable,0.7820
2025-10-11 12:58:43,recyclable,0.9519
2025-10-11 12:58:43,recyclable,0.9648
2025-10-11 12:58:43,recyclable,0.9728
2025-10-11 12:58:43,recyclable,0.9781
2025-10-11 12:58:44,recyclable,0.9450
2025-10-11 12:58:44,recyclable,0.9761
2025-10-11 12:58:44,recyclable,0.9866
2025-10-11 12:58:44,recyclable,0.9896
2025-10-11 12:58:44,recyclable,0.9724
2025-10-11 12:58:44,recyclable,0.9532
2025-10-11 12:58:44,recyclable,0.8836
2025-10-11 12:58:45,recyclable,0.9883
2025-10-11 12:58:45,recyclable,0.9895
2025-10-11 12:58:45,recyclable,0.9561
2025-10-11 12:58:45,recyclable,0.9944
2025-10-11 12:58:45,recyclable,0.9894
2025-10-11 12:58:45,recyclable,0.9629
2025-10-11 12:58:46,recyclable,0.9714
2025-10-11 12:58:46,recyclable,0.9530
2025-10-11 12:58:46,recyclable,0.9859
2025-10-11 12:58:46,hazardous,0.8366
2025-10-11 12:58:48,hazardous,0.8350
2025-10-11 12:58:48,hazardous,0.7645
2025-10-11 12:58:49,recyclable,0.8347
2025-10-11 12:58:49,recyclable,0.8348
2025-10-11 12:58:49,recyclable,0.7741
2025-10-11 12:58:49,hazardous,0.7352
2025-10-11 12:58:49,recyclable,0.8776
2025-10-11 12:58:49,recyclable,0.8953
2025-10-11 12:58:50,recyclable,0.8649
2025-10-11 12:58:50,recyclable,0.8475
2025-10-11 12:58:50,recyclable,0.7596
2025-10-11 12:58:51,recyclable,0.7105
2025-10-11 12:58:51,recyclable,0.7039
2025-10-11 12:58:51,recyclable,0.8660
2025-10-11 12:58:51,recyclable,0.7993
2025-10-11 12:58:51,recyclable,0.8353
2025-10-11 12:58:51,recyclable,0.7305
2025-10-11 12:58:52,recyclable,0.9565
2025-10-11 12:58:52,recyclable,0.7611
2025-10-11 12:58:52,recyclable,0.7096
2025-10-11 12:58:53,recyclable,0.8700
2025-10-11 12:58:53,recyclable,0.8854
2025-10-11 12:58:53,recyclable,0.7069
2025-10-11 12:58:53,recyclable,0.8779
2025-10-11 12:58:53,recyclable,0.8330
2025-10-11 12:58:53,recyclable,0.7635
2025-10-11 12:58:53,hazardous,0.9178
2025-10-11 12:58:54,hazardous,0.9735
2025-10-11 12:58:54,hazardous,0.8982
2025-10-11 12:58:54,hazardous,0.8337
2025-10-11 12:58:54,hazardous,0.8642
2025-10-11 12:58:54,hazardous,0.8408
2025-10-11 12:58:54,hazardous,0.8414
2025-10-11 12:58:54,hazardous,0.8897
2025-10-11 12:58:55,hazardous,0.7636
2025-10-11 12:58:55,hazardous,0.9351
2025-10-11 12:58:55,hazardous,0.7788
2025-10-11 12:58:55,hazardous,0.8391
2025-10-11 12:58:55,hazardous,0.7131
2025-10-11 12:58:55,hazardous,0.8619
2025-10-11 12:58:55,hazardous,0.7630
2025-10-11 12:58:55,hazardous,0.9509
2025-10-11 12:58:56,recyclable,0.7249
2025-10-11 12:58:56,recyclable,0.7985
2025-10-11 12:58:56,recyclable,0.7009
2025-10-11 12:58:56,recyclable,0.7457
2025-10-11 12:58:56,recyclable,0.7962
2025-10-11 12:58:57,recyclable,0.7553
2025-10-11 12:58:57,recyclable,0.7094
2025-10-11 12:58:58,hazardous,0.9238
2025-10-11 12:58:58,hazardous,0.7368
2025-10-11 12:58:58,hazardous,0.8136
2025-10-11 12:58:58,hazardous,0.7020
2025-10-11 12:58:58,hazardous,0.8307
2025-10-11 12:58:58,hazardous,0.7340
2025-10-11 12:58:59,hazardous,0.8647
2025-10-11 12:58:59,hazardous,0.9037
2025-10-11 12:58:59,hazardous,0.8814
2025-10-11 12:58:59,hazardous,0.7895
2025-10-11 12:58:59,hazardous,0.9364
2025-10-11 12:58:59,hazardous,0.9516
2025-10-11 12:58:59,hazardous,0.9846
2025-10-11 12:59:00,hazardous,0.9532
2025-10-11 12:59:00,hazardous,0.9078
2025-10-11 12:59:00,hazardous,0.9177
2025-10-11 12:59:00,hazardous,0.9418
2025-10-11 12:59:00,hazardous,0.9694
2025-10-11 12:59:00,hazardous,0.9894
2025-10-11 12:59:00,hazardous,0.9601
2025-10-11 12:59:01,hazardous,0.9782
2025-10-11 12:59:01,hazardous,0.9341
2025-10-11 12:59:01,hazardous,0.8969
2025-10-11 12:59:01,hazardous,0.7525
2025-10-11 12:59:01,hazardous,0.8532
2025-10-11 12:59:01,hazardous,0.9738
2025-10-11 12:59:02,hazardous,0.9782
2025-10-11 12:59:02,hazardous,0.9900
2025-10-11 12:59:02,hazardous,0.9775
2025-10-11 12:59:02,hazardous,0.9859
2025-10-11 12:59:02,hazardous,0.8632
2025-10-11 12:59:02,hazardous,0.9592
2025-10-11 12:59:02,hazardous,0.9445
2025-10-11 12:59:03,recyclable,0.8522
2025-10-11 12:59:03,recyclable,0.9175
2025-10-11 12:59:03,recyclable,0.9030
2025-10-11 12:59:03,recyclable,0.8137
2025-10-11 12:59:03,recyclable,0.9497
2025-10-11 12:59:04,recyclable,0.7140
2025-10-11 12:59:04,recyclable,0.9801
2025-10-11 12:59:04,hazardous,0.9561
2025-10-11 12:59:05,hazardous,0.8958
2025-10-11 12:59:05,hazardous,0.8662
2025-10-11 12:59:05,hazardous,0.8392
2025-10-11 12:59:05,hazardous,0.9409
2025-10-11 12:59:05,hazardous,0.7295
2025-10-11 12:59:06,hazardous,0.8776
2025-10-11 12:59:06,hazardous,0.7442
2025-10-11 12:59:06,hazardous,0.8169
2025-10-11 12:59:07,hazardous,0.7817
2025-10-11 12:59:07,hazardous,0.9575
2025-10-11 12:59:07,hazardous,0.9383
2025-10-11 12:59:07,hazardous,0.8996
2025-10-11 12:59:07,hazardous,0.7941
2025-10-11 12:59:07,hazardous,0.8194
2025-10-11 12:59:07,hazardous,0.8414
2025-10-11 12:59:08,hazardous,0.7501
2025-10-11 12:59:08,hazardous,0.8268
2025-10-11 12:59:08,hazardous,0.7495
2025-10-11 12:59:08,biodegradable,0.7022
2025-10-11 12:59:09,hazardous,0.9343
2025-10-11 12:59:09,hazardous,0.7842
2025-10-11 12:59:09,hazardous,0.8597
2025-10-11 12:59:09,hazardous,0.9704
2025-10-11 12:59:10,hazardous,0.9700
2025-10-11 12:59:10,hazardous,0.9652
2025-10-11 12:59:10,hazardous,0.9837
2025-10-11 12:59:10,hazardous,0.9756
2025-10-11 12:59:10,hazardous,0.9572
2025-10-11 12:59:10,hazardous,0.7759
2025-10-11 12:59:10,hazardous,0.9224
2025-10-11 12:59:11,recyclable,0.7262
2025-10-11 12:59:11,hazardous,0.9578
2025-10-11 12:59:11,hazardous,0.8531
2025-10-11 12:59:12,recyclable,0.7110
2025-10-11 12:59:12,recyclable,0.7900
2025-10-11 12:59:12,hazardous,0.8549
2025-10-11 12:59:13,recyclable,0.8533
2025-10-11 12:59:13,recyclable,0.7215
2025-10-11 12:59:14,hazardous,0.9335
2025-10-11 12:59:14,hazardous,0.9282
2025-10-11 12:59:14,hazardous,0.7919
2025-10-11 12:59:15,hazardous,0.8397
2025-10-11 12:59:15,hazardous,0.8553
2025-10-11 12:59:15,hazardous,0.7510
2025-10-11 12:59:15,hazardous,0.7749
2025-10-11 12:59:16,recyclable,0.8910
2025-10-11 12:59:16,hazardous,0.9388
2025-10-11 12:59:16,hazardous,0.9776
2025-10-11 12:59:17,recyclable,0.9657
2025-10-11 12:59:17,recyclable,0.7251
2025-10-11 12:59:17,recyclable,0.8937
2025-10-11 12:59:17,recyclable,0.7398
2025-10-11 12:59:18,recyclable,0.8706
2025-10-11 12:59:18,recyclable,0.8805
2025-10-11 12:59:18,recyclable,0.7957
2025-10-11 12:59:18,recyclable,0.9507
2025-10-11 12:59:18,recyclable,0.9174
2025-10-11 12:59:18,recyclable,0.8392
2025-10-11 12:59:18,recyclable,0.8940
2025-10-11 12:59:19,recyclable,0.8320
2025-10-11 12:59:19,hazardous,0.9798
2025-10-11 12:59:19,recyclable,0.7904
2025-10-11 12:59:19,hazardous,0.8090
2025-10-11 12:59:20,hazardous,0.8998
2025-10-11 12:59:20,hazardous,0.9576
2025-10-11 12:59:20,hazardous,0.8890
2025-10-11 12:59:20,biodegradable,0.9151
2025-10-11 12:59:20,hazardous,0.9868
2025-10-11 12:59:20,hazardous,0.9553
2025-10-11 12:59:21,hazardous,0.8877
2025-10-11 12:59:21,hazardous,0.7066
2025-10-11 12:59:22,hazardous,0.7775
2025-10-11 12:59:22,recyclable,0.7632
2025-10-11 12:59:22,recyclable,0.8719
2025-10-11 12:59:22,recyclable,0.9134
2025-10-11 12:59:22,hazardous,0.8436
2025-10-11 12:59:23,recyclable,0.7024
2025-10-11 12:59:24,hazardous,0.7651
2025-10-11 12:59:24,biodegradable,0.7158
2025-10-11 12:59:24,hazardous,0.8588
2025-10-11 12:59:24,hazardous,0.7507
2025-10-11 12:59:24,hazardous,0.8274
2025-10-11 12:59:25,hazardous,0.8389
2025-10-11 12:59:25,hazardous,0.8798
2025-10-11 12:59:25,hazardous,0.8681
2025-10-11 12:59:26,hazardous,0.7407
2025-10-11 12:59:26,hazardous,0.7479
2025-10-11 12:59:26,hazardous,0.7279
2025-10-11 12:59:27,hazardous,0.8495
2025-10-11 12:59:27,hazardous,0.8329
2025-10-11 12:59:27,hazardous,0.9081
2025-10-11 12:59:27,hazardous,0.8022
2025-10-11 12:59:28,hazardous,0.8052
2025-10-11 12:59:28,hazardous,0.8783
2025-10-11 12:59:28,hazardous,0.9577
2025-10-11 12:59:28,hazardous,0.7121
2025-10-11 12:59:29,recyclable,0.7066
2025-10-11 12:59:30,recyclable,0.7788
2025-10-11 12:59:31,recyclable,0.7669
2025-10-11 12:59:31,recyclable,0.8100
2025-10-11 12:59:32,hazardous,0.7406
2025-10-11 12:59:32,hazardous,0.7537
2025-10-11 12:59:32,recyclable,0.7213
2025-10-11 12:59:32,hazardous,0.8820
2025-10-11 12:59:33,recyclable,0.8515
2025-10-11 12:59:33,recyclable,0.8233
2025-10-11 12:59:34,hazardous,0.7529
2025-10-11 12:59:35,hazardous,0.7884
2025-10-11 12:59:35,hazardous,0.8628
2025-10-11 12:59:35,recyclable,0.8255
2025-10-11 12:59:36,hazardous,0.9371
2025-10-11 12:59:36,hazardous,0.7656
2025-10-11 12:59:36,hazardous,0.7057
2025-10-11 12:59:36,hazardous,0.9446
2025-10-11 12:59:36,recyclable,0.7194
2025-10-11 12:59:37,recyclable,0.8150
2025-10-11 12:59:37,recyclable,0.7256
2025-10-11 12:59:37,recyclable,0.9282
2025-10-11 12:59:37,hazardous,0.7767
2025-10-11 12:59:38,hazardous,0.9471
2025-10-11 12:59:38,recyclable,0.9158
2025-10-11 12:59:38,recyclable,0.9092
2025-10-11 12:59:38,recyclable,0.9013
2025-10-11 12:59:38,recyclable,0.8591
2025-10-11 12:59:38,recyclable,0.8401
2025-10-11 12:59:38,recyclable,0.7547
2025-10-11 12:59:39,hazardous,0.9179
2025-10-11 12:59:39,biodegradable,0.9765
2025-10-11 12:59:39,recyclable,0.8943
2025-10-11 12:59:39,recyclable,0.9093
2025-10-11 12:59:40,recyclable,0.7130
2025-10-11 12:59:42,hazardous,0.8327
2025-10-11 12:59:42,hazardous,0.7584
2025-10-11 12:59:43,hazardous,0.7831
2025-10-11 12:59:43,biodegradable,0.7021
2025-10-11 12:59:43,biodegradable,0.9634
2025-10-11 12:59:43,biodegradable,0.8536
2025-10-11 12:59:43,biodegradable,0.9680
2025-10-11 12:59:44,recyclable,0.8703
2025-10-11 12:59:44,recyclable,0.8063
2025-10-11 12:59:44,recyclable,0.9068
2025-10-11 12:59:45,recyclable,0.9554
2025-10-11 12:59:45,recyclable,0.7040
2025-10-11 12:59:45,recyclable,0.8172
2025-10-11 12:59:45,recyclable,0.8615
2025-10-11 12:59:45,recyclable,0.7271
2025-10-11 12:59:46,recyclable,0.8221
2025-10-11 12:59:46,recyclable,0.7001
2025-10-11 12:59:46,recyclable,0.8720
2025-10-11 12:59:47,recyclable,0.8946
2025-10-11 12:59:47,recyclable,0.7221
2025-10-11 12:59:47,recyclable,0.9367
2025-10-11 12:59:47,recyclable,0.8343
2025-10-11 12:59:48,hazardous,0.8408
2025-10-11 12:59:48,recyclable,0.8552
2025-10-11 12:59:48,recyclable,0.8421
2025-10-11 12:59:48,hazardous,0.7116
2025-10-11 12:59:49,hazardous,0.7124
2025-10-11 12:59:49,recyclable,0.7528
2025-10-11 12:59:49,hazardous,0.7007
2025-10-11 12:59:49,hazardous,0.7025
2025-10-11 12:59:50,recyclable,0.8951
2025-10-11 12:59:50,recyclable,0.8304
2025-10-11 12:59:50,recyclable,0.8681
2025-10-11 12:59:50,recyclable,0.8668
2025-10-11 12:59:51,recyclable,0.8399
2025-10-11 12:59:51,recyclable,0.7865
2025-10-11 12:59:51,recyclable,0.8044
2025-10-11 12:59:52,hazardous,0.9237
2025-10-11 12:59:52,hazardous,0.7431
2025-10-11 12:59:52,hazardous,0.9161
2025-10-11 12:59:52,hazardous,0.9164
2025-10-11 12:59:52,hazardous,0.7945
2025-10-11 12:59:53,hazardous,0.9170
2025-10-11 12:59:53,hazardous,0.7047
2025-10-11 12:59:54,recyclable,0.7804
2025-10-11 12:59:54,recyclable,0.8125
2025-10-11 12:59:54,recyclable,0.7098
2025-10-11 12:59:54,recyclable,0.8081
2025-10-11 12:59:54,recyclable,0.8288
2025-10-11 12:59:54,recyclable,0.8471
2025-10-11 12:59:55,recyclable,0.8563
2025-10-11 12:59:56,recyclable,0.7929
2025-10-11 12:59:56,recyclable,0.9856
2025-10-11 12:59:57,hazardous,0.9277
2025-10-11 12:59:57,hazardous,0.8756
2025-10-11 12:59:57,hazardous,0.8579
2025-10-11 12:59:57,hazardous,0.9050
2025-10-11 12:59:57,hazardous,0.7648
2025-10-11 12:59:58,hazardous,0.7610
2025-10-11 12:59:58,hazardous,0.8288
2025-10-11 12:59:58,hazardous,0.8821
2025-10-11 12:59:58,hazardous,0.8410
2025-10-11 12:59:58,hazardous,0.7892
2025-10-11 12:59:59,hazardous,0.7974
2025-10-11 12:59:59,hazardous,0.9019
2025-10-11 12:59:59,hazardous,0.8710
2025-10-11 12:59:59,hazardous,0.9209
2025-10-11 12:59:59,hazardous,0.7576
2025-10-11 12:59:59,hazardous,0.9071
2025-10-11 12:59:59,hazardous,0.9243
2025-10-11 13:00:00,hazardous,0.9382
2025-10-11 13:00:00,hazardous,0.7989
2025-10-11 13:00:00,hazardous,0.7151
2025-10-11 13:00:00,hazardous,0.9071
2025-10-11 13:00:00,hazardous,0.7706
2025-10-11 13:00:01,hazardous,0.7496
2025-10-11 13:00:01,hazardous,0.7369
2025-10-11 13:00:01,hazardous,0.8840
2025-10-11 13:00:01,hazardous,0.8673
2025-10-11 13:00:01,hazardous,0.8678
2025-10-11 13:00:01,hazardous,0.8823
2025-10-11 13:00:01,hazardous,0.8741
2025-10-11 13:00:02,hazardous,0.8664
2025-10-11 13:00:02,hazardous,0.9049
2025-10-11 13:00:02,hazardous,0.8704
2025-10-11 13:00:02,hazardous,0.9714
2025-10-11 13:00:02,hazardous,0.9684
2025-10-11 13:00:02,hazardous,0.9358
2025-10-11 13:00:02,hazardous,0.8704
2025-10-11 13:00:03,hazardous,0.9357
2025-10-11 13:00:03,hazardous,0.9116
2025-10-11 13:00:03,hazardous,0.9282
2025-10-11 13:00:03,hazardous,0.9514
2025-10-11 13:00:03,hazardous,0.7425
2025-10-11 13:00:03,hazardous,0.9087
2025-10-11 13:00:03,hazardous,0.9261
2025-10-11 13:00:04,hazardous,0.9257
2025-10-11 13:00:04,hazardous,0.8066
2025-10-11 13:00:04,hazardous,0.7064
2025-10-11 13:00:04,recyclable,0.8753
2025-10-11 13:00:05,recyclable,0.7678
2025-10-11 13:00:05,recyclable,0.8884
2025-10-11 13:00:05,recyclable,0.8735
2025-10-11 13:00:05,recyclable,0.8155
2025-10-11 13:00:05,recyclable,0.7762
2025-10-11 13:00:05,recyclable,0.7674
2025-10-11 13:00:06,hazardous,0.7837
2025-10-11 13:00:06,hazardous,0.8485
2025-10-11 13:00:06,hazardous,0.8689
2025-10-11 13:00:06,hazardous,0.9867
2025-10-11 13:00:06,hazardous,0.9248
2025-10-11 13:00:06,hazardous,0.9637
2025-10-11 13:00:07,hazardous,0.9572
2025-10-11 13:00:07,hazardous,0.8954
2025-10-11 13:00:07,hazardous,0.9011
2025-10-11 13:00:07,hazardous,0.8032
2025-10-11 13:00:07,hazardous,0.7298
2025-10-11 13:00:07,hazardous,0.8132
2025-10-11 13:00:07,recyclable,0.9431
2025-10-11 13:00:08,recyclable,0.9153
2025-10-11 13:00:08,recyclable,0.7514
2025-10-11 13:00:08,biodegradable,0.8235
2025-10-11 13:00:08,recyclable,0.7416
2025-10-11 13:00:09,recyclable,0.7888
2025-10-11 13:00:09,biodegradable,0.8147
2025-10-11 13:00:09,recyclable,0.9654
2025-10-11 13:00:10,recyclable,0.8168
2025-10-11 13:00:10,recyclable,0.8742
2025-10-11 13:00:10,recyclable,0.8051
2025-10-11 13:00:10,recyclable,0.7981
2025-10-11 13:00:11,recyclable,0.7263
2025-10-11 13:00:12,hazardous,0.7334
2025-10-11 13:00:12,recyclable,0.8052
2025-10-11 13:00:12,hazardous,0.7349
2025-10-11 13:00:13,recyclable,0.7895
2025-10-11 13:00:13,recyclable,0.7722
2025-10-11 13:00:13,recyclable,0.7547
2025-10-11 13:00:13,recyclable,0.7814
2025-10-11 13:00:14,recyclable,0.7533
2025-10-11 13:00:15,recyclable,0.7397
2025-10-11 13:00:15,recyclable,0.7928
2025-10-11 13:00:15,recyclable,0.8506
2025-10-11 13:00:16,recyclable,0.9449
2025-10-11 13:00:16,recyclable,0.9750
2025-10-11 13:00:16,recyclable,0.9811
2025-10-11 13:00:16,recyclable,0.9718
2025-10-11 13:00:16,recyclable,0.9110
2025-10-11 13:00:17,recyclable,0.8364
2025-10-11 13:00:17,recyclable,0.9467
2025-10-11 13:00:17,recyclable,0.7768
2025-10-11 13:00:17,recyclable,0.8461
2025-10-11 13:00:18,recyclable,0.7554
2025-10-11 13:00:18,recyclable,0.8368
2025-10-11 13:00:18,recyclable,0.8235
2025-10-11 13:00:18,recyclable,0.8294
2025-10-11 13:00:18,recyclable,0.7343
2025-10-11 13:00:19,recyclable,0.8309
2025-10-11 13:00:19,recyclable,0.7173
2025-10-11 13:00:19,recyclable,0.8126
2025-10-11 13:00:19,recyclable,0.8892
2025-10-11 13:00:20,recyclable,0.9439
2025-10-11 13:00:20,recyclable,0.9043
2025-10-11 13:00:20,recyclable,0.9275
2025-10-11 13:54:48,recyclable,0.7528
2025-10-11 13:54:48,recyclable,0.8260
2025-10-11 13:54:49,recyclable,0.8306
2025-10-11 13:54:49,recyclable,0.8502
2025-10-11 13:54:49,recyclable,0.7095
2025-10-11 13:54:50,recyclable,0.7993
2025-10-11 13:54:50,recyclable,0.7815
2025-10-11 13:54:51,recyclable,0.8949
2025-10-11 13:54:51,recyclable,0.8574
2025-10-11 13:54:51,recyclable,0.8188
2025-10-11 13:54:51,recyclable,0.7275
2025-10-11 13:54:52,recyclable,0.7272
2025-10-11 13:54:52,recyclable,0.7242
2025-10-11 13:54:52,recyclable,0.7576
2025-10-11 13:54:53,recyclable,0.8901
2025-10-11 13:54:53,recyclable,0.9060
2025-10-11 13:54:53,recyclable,0.8087
2025-10-11 13:54:53,recyclable,0.7875
2025-10-11 13:54:54,recyclable,0.8397
2025-10-11 13:54:54,recyclable,0.8497
2025-10-11 13:54:54,recyclable,0.8627
2025-10-11 13:54:54,recyclable,0.7589
2025-10-11 13:54:54,recyclable,0.7402
2025-10-11 13:54:55,recyclable,0.7495
2025-10-11 13:54:55,recyclable,0.7636
2025-10-11 13:54:55,recyclable,0.8131
2025-10-11 13:54:55,recyclable,0.7579
2025-10-11 13:54:56,recyclable,0.7268
2025-10-11 13:54:56,recyclable,0.8323
2025-10-11 13:54:56,recyclable,0.7470
2025-10-11 13:54:57,recyclable,0.7621
2025-10-11 13:54:57,recyclable,0.8366
2025-10-11 13:54:57,recyclable,0.7737
2025-10-11 13:54:57,recyclable,0.7633
2025-10-11 13:54:57,recyclable,0.8115
2025-10-11 13:54:58,recyclable,0.8058
2025-10-11 13:54:58,recyclable,0.8606
2025-10-11 13:54:58,recyclable,0.8084
2025-10-11 13:54:58,recyclable,0.7863
2025-10-11 13:54:58,recyclable,0.8023
2025-10-11 13:54:59,hazardous,0.7392
2025-10-11 13:54:59,recyclable,0.8995
2025-10-11 13:55:01,recyclable,0.8177
2025-10-11 13:55:01,recyclable,0.8891
2025-10-11 13:55:01,recyclable,0.8722
2025-10-11 13:55:02,recyclable,0.9620
2025-10-11 13:55:02,recyclable,0.8632
2025-10-11 13:55:03,hazardous,0.7785
2025-10-11 13:55:04,hazardous,0.7873
2025-10-11 13:55:05,hazardous,0.7537
2025-10-11 13:55:05,hazardous,0.7006
2025-10-11 13:57:26,hazardous,0.9092
2025-10-11 13:57:26,hazardous,0.8052
2025-10-11 13:57:26,hazardous,0.8964
2025-10-11 13:57:26,hazardous,0.8428
2025-10-11 13:57:27,hazardous,0.8821
2025-10-11 13:57:27,hazardous,0.8565
2025-10-11 13:57:27,hazardous,0.9243
2025-10-11 13:57:27,hazardous,0.9312
2025-10-11 13:57:27,hazardous,0.9223
2025-10-11 13:57:27,hazardous,0.8377
2025-10-11 13:57:28,hazardous,0.8257
2025-10-11 13:57:28,hazardous,0.8385
2025-10-11 13:57:28,hazardous,0.8125
2025-10-11 13:57:28,hazardous,0.8305
2025-10-11 13:57:28,hazardous,0.8562
2025-10-11 13:57:29,hazardous,0.8630
2025-10-11 13:57:29,hazardous,0.8403
2025-10-11 13:57:29,hazardous,0.9090
2025-10-11 13:57:29,hazardous,0.9158
2025-10-11 13:57:29,hazardous,0.9276
2025-10-11 13:57:29,hazardous,0.8578
2025-10-11 13:57:29,hazardous,0.7993
2025-10-11 13:57:29,hazardous,0.8885
2025-10-11 13:57:30,hazardous,0.8497
2025-10-11 13:57:30,hazardous,0.8129
2025-10-11 13:57:30,hazardous,0.7730
2025-10-11 13:57:30,hazardous,0.9003
2025-10-11 13:57:30,hazardous,0.8475
2025-10-11 13:57:30,hazardous,0.7741
2025-10-11 13:57:30,hazardous,0.8618
2025-10-11 13:57:30,hazardous,0.9172
2025-10-11 13:57:31,hazardous,0.8612
2025-10-11 13:57:31,hazardous,0.8091
2025-10-11 13:57:31,hazardous,0.9449
2025-10-11 13:57:31,hazardous,0.9226
2025-10-11 13:57:31,hazardous,0.8725
2025-10-11 13:57:31,hazardous,0.8220
2025-10-11 13:57:31,hazardous,0.8983
2025-10-11 13:57:31,hazardous,0.8914
2025-10-11 13:57:32,hazardous,0.9155
2025-10-11 13:57:32,hazardous,0.9006
2025-10-11 13:57:32,hazardous,0.8329
2025-10-11 13:57:32,recyclable,0.8104
2025-10-11 13:57:32,recyclable,0.8668
2025-10-11 13:57:32,recyclable,0.9189
2025-10-11 13:57:33,recyclable,0.9009
2025-10-11 13:57:33,recyclable,0.7361
2025-10-11 13:57:33,recyclable,0.8565
2025-10-11 13:57:33,recyclable,0.9817
2025-10-11 13:57:33,recyclable,0.9732
2025-10-11 13:57:33,recyclable,0.9858
2025-10-11 13:57:33,recyclable,0.9756
2025-10-11 13:57:34,recyclable,0.9267
2025-10-11 13:57:34,recyclable,0.9513
2025-10-11 13:57:34,recyclable,0.9478
2025-10-11 13:57:34,recyclable,0.9491
2025-10-11 13:57:34,recyclable,0.9578
2025-10-11 13:57:34,recyclable,0.9127
2025-10-11 13:57:34,recyclable,0.9519
2025-10-11 13:57:34,recyclable,0.9287
2025-10-11 13:57:35,recyclable,0.9527
2025-10-11 13:57:35,recyclable,0.7671
2025-10-11 13:57:35,recyclable,0.8674
2025-10-11 13:57:35,recyclable,0.8022
2025-10-11 13:57:35,recyclable,0.8643
2025-10-11 13:57:35,recyclable,0.9237
2025-10-11 13:57:36,recyclable,0.9304
2025-10-11 13:57:36,recyclable,0.9502
2025-10-11 13:57:36,recyclable,0.8493
2025-10-11 13:57:36,recyclable,0.9120
2025-10-11 13:57:36,recyclable,0.8818
2025-10-11 13:57:36,recyclable,0.8421
2025-10-11 13:57:36,recyclable,0.9532
2025-10-11 13:57:37,recyclable,0.8796
2025-10-11 13:57:37,recyclable,0.9950
2025-10-11 13:57:37,recyclable,0.9865
2025-10-11 13:57:37,recyclable,0.9609
2025-10-11 13:57:37,recyclable,0.9834
2025-10-11 13:57:37,recyclable,0.9839
2025-10-11 13:57:38,recyclable,0.9830
2025-10-11 13:57:38,recyclable,0.7610
2025-10-11 13:57:38,recyclable,0.9836
2025-10-11 13:57:38,recyclable,0.9871
2025-10-11 13:57:38,recyclable,0.9921
2025-10-11 13:57:38,recyclable,0.9930
2025-10-11 13:57:38,recyclable,0.9895
2025-10-11 13:57:39,recyclable,0.9526
2025-10-11 13:57:39,recyclable,0.9641
2025-10-11 13:57:39,recyclable,0.9439
2025-10-11 13:57:39,recyclable,0.9660
2025-10-11 13:57:40,hazardous,0.9149
2025-10-11 13:57:40,hazardous,0.8820
2025-10-11 13:57:40,hazardous,0.8527
2025-10-11 13:57:40,hazardous,0.8369
2025-10-11 13:57:40,hazardous,0.9721
2025-10-11 13:57:40,hazardous,0.9428
2025-10-11 13:57:40,hazardous,0.9128
2025-10-11 13:57:41,hazardous,0.9048
2025-10-11 13:57:41,hazardous,0.9822
2025-10-11 13:57:41,hazardous,0.9430
2025-10-11 13:57:41,hazardous,0.9276
2025-10-11 13:57:41,hazardous,0.9327
2025-10-11 13:57:41,hazardous,0.9548
2025-10-11 13:57:41,hazardous,0.9667
2025-10-11 13:57:42,hazardous,0.9319
2025-10-11 13:57:42,hazardous,0.8870
2025-10-11 13:57:42,hazardous,0.9124
2025-10-11 13:57:42,recyclable,0.7106
2025-10-11 13:57:42,recyclable,0.9032
2025-10-11 13:57:42,recyclable,0.8179
2025-10-11 13:57:42,recyclable,0.8385
2025-10-11 13:57:43,recyclable,0.8828
2025-10-11 13:57:43,recyclable,0.8325
2025-10-11 13:57:43,recyclable,0.7474
2025-10-11 13:57:43,recyclable,0.8217
2025-10-11 13:57:43,recyclable,0.7116
2025-10-11 13:57:43,recyclable,0.7864
2025-10-11 13:57:43,recyclable,0.8805
2025-10-11 13:57:44,recyclable,0.9014
2025-10-11 13:57:44,recyclable,0.8995
2025-10-11 13:57:44,recyclable,0.9344
2025-10-11 13:57:44,recyclable,0.9277
2025-10-11 13:57:44,recyclable,0.9258
2025-10-11 13:57:44,recyclable,0.9046
2025-10-11 13:57:44,recyclable,0.8235
2025-10-11 13:57:44,recyclable,0.9171
2025-10-11 13:57:45,recyclable,0.9213
2025-10-11 13:57:45,recyclable,0.7467
2025-10-11 13:57:45,recyclable,0.8287
2025-10-11 13:57:45,recyclable,0.8267
2025-10-11 13:57:45,recyclable,0.7545
2025-10-11 13:57:45,recyclable,0.8957
2025-10-11 13:57:45,recyclable,0.8360
2025-10-11 13:57:46,recyclable,0.8841
2025-10-11 13:57:46,recyclable,0.8993
2025-10-11 13:57:47,recyclable,0.7332
2025-10-11 13:57:47,recyclable,0.9261
2025-10-11 13:57:47,recyclable,0.7225
2025-10-11 13:57:48,recyclable,0.9676
2025-10-11 13:57:48,recyclable,0.9699
2025-10-11 13:57:48,recyclable,0.9483
2025-10-11 13:57:48,recyclable,0.8247
2025-10-11 13:57:48,recyclable,0.8185
2025-10-11 13:57:48,recyclable,0.8614
2025-10-11 13:57:49,recyclable,0.9207
2025-10-11 13:57:49,recyclable,0.8836
2025-10-11 13:57:49,recyclable,0.7196
2025-10-11 13:57:49,recyclable,0.9364
2025-10-11 13:57:49,hazardous,0.7220
2025-10-11 13:57:49,recyclable,0.9298
2025-10-11 13:57:49,recyclable,0.9664
2025-10-11 13:57:51,recyclable,0.8732
2025-10-11 13:57:51,recyclable,0.9175
2025-10-11 13:57:51,recyclable,0.9661
2025-10-11 13:57:52,recyclable,0.8431
2025-10-11 13:57:52,recyclable,0.9322
2025-10-11 13:57:52,recyclable,0.9070
2025-10-11 13:57:52,recyclable,0.9640
2025-10-11 13:57:52,recyclable,0.9809
2025-10-11 13:57:53,recyclable,0.9838
2025-10-11 13:57:53,recyclable,0.9442
2025-10-11 13:57:53,recyclable,0.9139
2025-10-11 13:57:53,recyclable,0.9372
2025-10-11 13:57:53,recyclable,0.9657
2025-10-11 13:57:53,recyclable,0.9563
2025-10-11 13:57:53,recyclable,0.9747
2025-10-11 13:57:53,recyclable,0.9278
2025-10-11 13:57:53,recyclable,0.9235
2025-10-11 13:57:54,recyclable,0.8693
2025-10-11 13:57:54,recyclable,0.9303
2025-10-11 13:57:54,recyclable,0.8788
2025-10-11 13:57:54,recyclable,0.9031
2025-10-11 13:57:54,recyclable,0.9360
2025-10-11 13:57:55,recyclable,0.9019
2025-10-11 13:57:55,recyclable,0.9338
2025-10-11 13:57:55,recyclable,0.8447
2025-10-11 13:57:55,recyclable,0.7681
2025-10-11 13:57:55,recyclable,0.9034
2025-10-11 13:57:55,recyclable,0.8934
2025-10-11 13:57:56,recyclable,0.9025
2025-10-11 13:57:56,recyclable,0.8504
2025-10-11 13:57:56,recyclable,0.7702
2025-10-11 13:57:56,recyclable,0.8278
2025-10-11 13:57:56,recyclable,0.7464
2025-10-11 13:57:56,recyclable,0.7929
2025-10-11 13:57:56,recyclable,0.8830
2025-10-11 13:57:56,recyclable,0.8265
2025-10-11 13:57:57,recyclable,0.8421
2025-10-11 13:57:57,recyclable,0.7985
2025-10-11 13:57:57,recyclable,0.8558
2025-10-11 13:57:57,recyclable,0.9248
2025-10-11 13:57:57,recyclable,0.9463
2025-10-11 13:57:57,recyclable,0.9024
2025-10-11 13:57:57,recyclable,0.8399
2025-10-11 13:57:58,recyclable,0.8362
2025-10-11 13:57:58,recyclable,0.8533
2025-10-11 13:57:58,recyclable,0.8485
2025-10-11 13:57:58,hazardous,0.9617
2025-10-11 13:57:58,hazardous,0.7396
2025-10-11 13:57:59,hazardous,0.9525
2025-10-11 13:57:59,hazardous,0.8140
2025-10-11 13:57:59,hazardous,0.8670
2025-10-11 13:57:59,hazardous,0.7437
2025-10-11 13:57:59,hazardous,0.8204
2025-10-11 13:57:59,hazardous,0.8727
2025-10-11 13:57:59,hazardous,0.9112
2025-10-11 13:57:59,hazardous,0.9349
2025-10-11 13:58:00,hazardous,0.9746
2025-10-11 13:58:00,hazardous,0.9397
2025-10-11 13:58:00,hazardous,0.7926
2025-10-11 13:58:00,hazardous,0.7476
2025-10-11 13:58:01,hazardous,0.7219
2025-10-11 13:58:01,hazardous,0.7059
2025-10-11 13:58:01,hazardous,0.8722
2025-10-11 13:58:01,hazardous,0.8786
2025-10-11 13:58:02,hazardous,0.9375
2025-10-11 13:58:02,hazardous,0.8850
2025-10-11 13:58:02,hazardous,0.8621
2025-10-11 13:58:02,hazardous,0.9084
2025-10-11 13:58:02,hazardous,0.8155
2025-10-11 13:58:02,hazardous,0.7349
2025-10-11 13:58:02,hazardous,0.7252
2025-10-11 13:58:03,hazardous,0.7662
2025-10-11 13:58:03,hazardous,0.9497
2025-10-11 13:58:03,hazardous,0.7890
2025-10-11 13:58:04,hazardous,0.8886
2025-10-11 13:58:04,recyclable,0.8593
2025-10-11 13:58:05,recyclable,0.8355
2025-10-11 13:58:05,recyclable,0.7081
2025-10-11 13:58:06,hazardous,0.9550
2025-10-11 13:58:06,hazardous,0.9195
2025-10-11 13:58:06,hazardous,0.9651
2025-10-11 13:58:06,hazardous,0.7257
2025-10-11 13:58:06,hazardous,0.8394
2025-10-11 13:58:08,hazardous,0.7188
2025-10-11 13:58:08,hazardous,0.8991
2025-10-11 13:58:09,hazardous,0.8436
2025-10-11 13:58:09,hazardous,0.9035
2025-10-11 13:58:09,hazardous,0.8789
2025-10-11 13:58:09,hazardous,0.8040
2025-10-11 13:58:09,hazardous,0.7018
2025-10-11 13:58:09,hazardous,0.7011
2025-10-11 13:58:10,hazardous,0.8008
2025-10-11 13:58:11,hazardous,0.7503
2025-10-11 13:58:11,hazardous,0.7112
2025-10-11 13:58:11,hazardous,0.8537
2025-10-11 13:58:11,hazardous,0.8046
2025-10-11 13:58:11,hazardous,0.7555
2025-10-11 13:58:12,hazardous,0.8584
2025-10-11 13:58:12,hazardous,0.8014
2025-10-11 13:58:12,hazardous,0.7696
2025-10-11 13:58:13,hazardous,0.7206
2025-10-11 13:58:13,hazardous,0.7923
2025-10-11 13:58:13,recyclable,0.8677
2025-10-11 13:58:14,hazardous,0.7667
2025-10-11 13:58:14,hazardous,0.7866
2025-10-11 13:58:14,hazardous,0.8574
2025-10-11 13:58:14,hazardous,0.7863
2025-10-11 13:58:14,hazardous,0.7538
2025-10-11 13:58:15,hazardous,0.8725
2025-10-11 13:58:15,hazardous,0.8517
2025-10-11 13:58:17,hazardous,0.7550
2025-10-11 13:58:17,hazardous,0.7144
2025-10-11 13:58:19,recyclable,0.7229
2025-10-11 13:58:19,recyclable,0.7096
2025-10-11 13:58:19,recyclable,0.7140
2025-10-11 13:58:19,hazardous,0.8455
2025-10-11 13:58:19,hazardous,0.9864
2025-10-11 13:58:19,hazardous,0.9429
2025-10-11 13:58:20,hazardous,0.9384
2025-10-11 13:58:20,hazardous,0.9654
2025-10-11 13:58:20,hazardous,0.9548
2025-10-11 13:58:20,hazardous,0.9775
2025-10-11 13:58:20,hazardous,0.8800
2025-10-11 13:58:20,hazardous,0.9691
2025-10-11 13:58:20,hazardous,0.9388
2025-10-11 13:58:21,hazardous,0.8985
2025-10-11 13:58:21,hazardous,0.9279
2025-10-11 13:58:21,hazardous,0.9230
2025-10-11 13:58:21,hazardous,0.8324
2025-10-11 13:58:21,hazardous,0.8623
2025-10-11 13:58:21,hazardous,0.9171
2025-10-11 13:58:21,hazardous,0.8786
2025-10-11 13:58:21,hazardous,0.8406
2025-10-11 13:58:22,hazardous,0.9485
2025-10-11 13:58:22,hazardous,0.8440
2025-10-11 13:58:22,hazardous,0.8624
2025-10-11 13:58:22,hazardous,0.7754
2025-10-11 13:58:22,hazardous,0.7825
2025-10-11 13:58:22,hazardous,0.7485
2025-10-11 13:58:22,hazardous,0.7913
2025-10-11 13:58:23,hazardous,0.7705
2025-10-11 13:58:23,hazardous,0.8779
2025-10-11 13:58:23,hazardous,0.7452
2025-10-11 13:58:23,hazardous,0.8693
2025-10-11 13:58:23,hazardous,0.7005
2025-10-11 13:58:23,hazardous,0.7677
2025-10-11 13:58:26,recyclable,0.7242
2025-10-11 13:58:27,hazardous,0.7056
2025-10-11 13:58:28,hazardous,0.9866
2025-10-11 13:58:28,hazardous,0.7557
2025-10-11 13:58:28,hazardous,0.7255
2025-10-11 13:58:28,hazardous,0.8692
2025-10-11 13:58:28,hazardous,0.8952
2025-10-11 13:58:28,hazardous,0.8637
2025-10-11 13:58:28,hazardous,0.9608
2025-10-11 13:58:28,hazardous,0.9708
2025-10-11 13:58:29,hazardous,0.9317
2025-10-11 13:58:29,hazardous,0.9012
2025-10-11 13:58:29,hazardous,0.9528
2025-10-11 13:58:30,recyclable,0.7340
2025-10-11 13:58:30,hazardous,0.7436
2025-10-11 13:58:31,hazardous,0.8545
2025-10-11 13:58:31,hazardous,0.9251
2025-10-11 13:58:31,hazardous,0.8573
2025-10-11 13:58:31,hazardous,0.8135
2025-10-11 13:58:31,hazardous,0.7306
2025-10-11 13:58:32,hazardous,0.7764
2025-10-11 13:58:32,hazardous,0.8688
2025-10-11 13:58:32,hazardous,0.7223
2025-10-11 13:58:32,hazardous,0.7432
2025-10-11 13:58:32,hazardous,0.7909
2025-10-11 13:58:32,hazardous,0.8752
2025-10-11 13:58:32,hazardous,0.8752
2025-10-11 13:58:33,hazardous,0.8974
2025-10-11 13:58:33,hazardous,0.8836
2025-10-11 13:58:33,hazardous,0.9147
2025-10-11 13:58:33,hazardous,0.9205
2025-10-11 13:58:33,hazardous,0.7440
2025-10-11 13:58:34,hazardous,0.7277
2025-10-11 13:58:34,hazardous,0.8305
2025-10-11 13:58:34,hazardous,0.7089
2025-10-11 13:58:34,hazardous,0.7089
2025-10-11 13:58:35,recyclable,0.7134
2025-10-11 13:58:35,hazardous,0.7136
2025-10-11 13:58:35,hazardous,0.8909
2025-10-11 13:58:35,hazardous,0.8799
2025-10-11 13:58:35,hazardous,0.8256
2025-10-11 13:58:36,hazardous,0.7614
2025-10-11 13:58:36,hazardous,0.9517
2025-10-11 13:58:37,hazardous,0.7976
2025-10-11 13:58:37,hazardous,0.9430
2025-10-11 13:58:37,hazardous,0.7093
2025-10-11 13:58:37,hazardous,0.8670
2025-10-11 13:58:37,hazardous,0.7151
2025-10-11 13:58:38,hazardous,0.8949
2025-10-11 13:58:38,hazardous,0.8718
2025-10-11 13:58:38,hazardous,0.9114
2025-10-11 13:58:38,hazardous,0.8656
2025-10-11 13:58:38,hazardous,0.7645
2025-10-11 13:58:38,hazardous,0.9110
2025-10-11 13:58:38,hazardous,0.9298
2025-10-11 13:58:39,hazardous,0.7658
2025-10-11 13:58:39,hazardous,0.9794
2025-10-11 13:58:39,hazardous,0.7825
2025-10-11 13:58:39,recyclable,0.7805
2025-10-11 13:58:40,hazardous,0.8000
2025-10-11 13:58:40,hazardous,0.7085
2025-10-11 13:58:41,recyclable,0.8072
2025-10-11 13:58:41,hazardous,0.9612
2025-10-11 13:58:41,hazardous,0.9330
2025-10-11 13:58:41,hazardous,0.7302
2025-10-11 13:58:41,hazardous,0.8938
2025-10-11 13:58:42,recyclable,0.7065
2025-10-11 13:58:42,recyclable,0.8010
2025-10-11 13:58:42,recyclable,0.7229
2025-10-11 13:58:42,recyclable,0.7801
2025-10-11 13:58:42,recyclable,0.8710
2025-10-11 13:58:43,recyclable,0.9394
2025-10-11 13:58:43,recyclable,0.9056
2025-10-11 13:58:43,recyclable,0.8832
2025-10-11 13:58:43,recyclable,0.9564
2025-10-11 13:58:43,recyclable,0.9373
2025-10-11 13:58:43,recyclable,0.9030
2025-10-11 13:58:43,recyclable,0.9364
2025-10-11 13:58:44,recyclable,0.9552
2025-10-11 13:58:44,recyclable,0.9460
2025-10-11 13:58:44,recyclable,0.9451
2025-10-11 13:58:44,recyclable,0.9430
2025-10-11 13:58:44,recyclable,0.9626
2025-10-11 13:58:44,recyclable,0.9646
2025-10-11 13:58:44,recyclable,0.9504
2025-10-11 13:58:44,recyclable,0.9569
2025-10-11 13:58:44,recyclable,0.9524
2025-10-11 13:58:45,recyclable,0.9672
2025-10-11 13:58:45,recyclable,0.9766
2025-10-11 13:58:45,recyclable,0.9539
2025-10-11 13:58:45,recyclable,0.9731
2025-10-11 13:58:45,recyclable,0.9686
2025-10-11 13:58:45,recyclable,0.9393
2025-10-11 13:58:45,recyclable,0.9152
2025-10-11 13:58:45,recyclable,0.9519
2025-10-11 13:58:46,recyclable,0.9728
2025-10-11 13:58:46,recyclable,0.9645
2025-10-11 13:58:46,recyclable,0.9586
2025-10-11 13:58:46,recyclable,0.9688
2025-10-11 13:58:46,recyclable,0.9524
2025-10-11 13:58:46,recyclable,0.8974
2025-10-11 13:58:46,recyclable,0.9034
2025-10-11 13:58:46,recyclable,0.9438
2025-10-11 13:58:47,recyclable,0.9418
2025-10-11 13:58:47,recyclable,0.7597
2025-10-11 13:58:47,recyclable,0.9274
2025-10-11 13:58:48,hazardous,0.7487
2025-10-11 13:58:48,hazardous,0.8285
2025-10-11 13:58:49,recyclable,0.7034
2025-10-11 13:58:49,recyclable,0.9333
2025-10-11 13:58:49,recyclable,0.7925
2025-10-11 13:58:49,hazardous,0.9702
2025-10-11 13:58:49,hazardous,0.9895
2025-10-11 13:58:50,hazardous,0.8944
2025-10-11 13:58:50,hazardous,0.9566
2025-10-11 13:58:50,hazardous,0.9548
2025-10-11 13:58:50,hazardous,0.9779
2025-10-11 13:58:50,hazardous,0.9784
2025-10-11 13:58:50,hazardous,0.9816
2025-10-11 13:58:50,hazardous,0.9794
2025-10-11 13:58:51,hazardous,0.9735
2025-10-11 13:58:51,hazardous,0.9806
2025-10-11 13:58:51,hazardous,0.9790
2025-10-11 13:58:51,hazardous,0.9757
2025-10-11 13:58:51,hazardous,0.9882
2025-10-11 13:58:51,hazardous,0.9804
2025-10-11 13:58:51,hazardous,0.9759
2025-10-11 13:58:51,hazardous,0.9769
2025-10-11 13:58:52,hazardous,0.9707
2025-10-11 13:58:52,hazardous,0.9610
2025-10-11 13:58:52,hazardous,0.8859
2025-10-11 13:58:52,hazardous,0.9820
2025-10-11 13:58:52,hazardous,0.9518
2025-10-11 13:58:52,recyclable,0.8757
2025-10-11 13:58:53,recyclable,0.7457
2025-10-11 13:58:53,hazardous,0.8266
2025-10-11 13:58:54,hazardous,0.8768
2025-10-11 13:58:54,hazardous,0.8403
2025-10-11 13:58:54,hazardous,0.8341
2025-10-11 13:58:54,hazardous,0.8063
2025-10-11 13:58:55,hazardous,0.7863
2025-10-11 13:58:55,hazardous,0.8960
2025-10-11 13:58:55,hazardous,0.7023
2025-10-11 13:58:55,hazardous,0.8900
2025-10-11 13:58:55,hazardous,0.7616
2025-10-11 13:58:55,hazardous,0.7087
2025-10-11 13:58:55,hazardous,0.8599
2025-10-11 13:58:56,hazardous,0.9584
2025-10-11 13:58:56,hazardous,0.7540
2025-10-11 13:58:56,hazardous,0.8271
2025-10-11 13:58:56,hazardous,0.8926
2025-10-11 13:58:56,hazardous,0.8704
2025-10-11 13:58:57,hazardous,0.7313
2025-10-11 13:58:58,hazardous,0.8746
2025-10-11 13:58:58,hazardous,0.8533
2025-10-11 13:58:58,hazardous,0.8053
2025-10-11 13:58:58,hazardous,0.7809
2025-10-11 13:58:58,hazardous,0.7298
2025-10-11 13:58:59,recyclable,0.8691
2025-10-11 13:58:59,hazardous,0.8100
2025-10-11 13:59:00,hazardous,0.7644
2025-10-11 13:59:00,hazardous,0.7958
2025-10-11 13:59:00,recyclable,0.8148
2025-10-11 13:59:00,recyclable,0.9757
2025-10-11 13:59:01,recyclable,0.7932
2025-10-11 13:59:01,recyclable,0.9323
2025-10-11 13:59:01,recyclable,0.9427
2025-10-11 13:59:02,hazardous,0.8679
2025-10-11 13:59:02,hazardous,0.8160
2025-10-11 13:59:02,hazardous,0.9407
2025-10-11 13:59:02,hazardous,0.8458
2025-10-11 13:59:02,hazardous,0.8161
2025-10-11 13:59:03,hazardous,0.8047
2025-10-11 13:59:03,hazardous,0.7524
2025-10-11 13:59:03,hazardous,0.7978
2025-10-11 13:59:03,hazardous,0.8843
2025-10-11 13:59:03,hazardous,0.8843
2025-10-11 13:59:03,hazardous,0.9498
2025-10-11 13:59:04,hazardous,0.9089
2025-10-11 13:59:04,hazardous,0.9316
2025-10-11 13:59:04,hazardous,0.8830
2025-10-11 13:59:04,hazardous,0.9381
2025-10-11 13:59:04,hazardous,0.9073
2025-10-11 13:59:04,hazardous,0.9144
2025-10-11 14:25:56,hazardous,0.7214
2025-10-11 14:25:57,hazardous,0.8936
2025-10-11 14:25:57,hazardous,0.7365
2025-10-11 14:25:58,hazardous,0.8062
2025-10-11 14:25:58,hazardous,0.9067
2025-10-11 14:25:59,hazardous,0.7575
2025-10-11 14:25:59,hazardous,0.8063
2025-10-11 14:25:59,hazardous,0.8063
2025-10-11 14:25:59,hazardous,0.7257
2025-10-11 14:25:59,hazardous,0.8198
2025-10-11 14:25:59,hazardous,0.8413
2025-10-11 14:25:59,hazardous,0.8581
2025-10-11 14:25:59,hazardous,0.7861
2025-10-11 14:26:00,hazardous,0.8487
2025-10-11 14:26:00,hazardous,0.8893
2025-10-11 14:26:00,hazardous,0.8535
2025-10-11 14:26:00,hazardous,0.7942
2025-10-11 14:26:00,hazardous,0.8347
2025-10-11 14:26:00,hazardous,0.8222
2025-10-11 14:26:00,hazardous,0.7796
2025-10-11 14:26:01,hazardous,0.7495
2025-10-11 14:26:01,hazardous,0.7532
2025-10-11 14:26:01,hazardous,0.7795
2025-10-11 14:26:01,hazardous,0.8797
2025-10-11 14:26:01,hazardous,0.8091
2025-10-11 14:26:01,hazardous,0.7654
2025-10-11 14:26:01,hazardous,0.7824
2025-10-11 14:26:02,hazardous,0.7056
2025-10-11 14:26:03,hazardous,0.7130
2025-10-11 14:26:05,hazardous,0.7764
2025-10-11 14:26:05,hazardous,0.7612
2025-10-11 14:26:05,hazardous,0.7206
2025-10-11 14:26:05,hazardous,0.8424
2025-10-11 14:26:06,hazardous,0.8977
2025-10-11 14:26:06,hazardous,0.9174
2025-10-11 14:26:06,hazardous,0.9237
2025-10-11 14:26:06,hazardous,0.9043
2025-10-11 14:26:06,hazardous,0.8362
2025-10-11 14:26:06,hazardous,0.9425
2025-10-11 14:26:06,hazardous,0.9557
2025-10-11 14:26:06,hazardous,0.9343
2025-10-11 14:26:07,hazardous,0.8535
2025-10-11 14:26:07,hazardous,0.8355
2025-10-11 14:26:07,hazardous,0.8781
2025-10-11 14:26:07,hazardous,0.8811
2025-10-11 14:26:07,hazardous,0.9026
2025-10-11 14:26:07,hazardous,0.8728
2025-10-11 14:26:08,hazardous,0.7697
2025-10-11 14:26:08,hazardous,0.8841
2025-10-11 14:26:08,hazardous,0.8034
2025-10-11 14:26:08,hazardous,0.8396
2025-10-11 14:26:08,hazardous,0.8279
2025-10-11 14:26:08,hazardous,0.8659
2025-10-11 14:26:08,hazardous,0.7791
2025-10-11 14:26:08,hazardous,0.7969
2025-10-11 14:26:09,hazardous,0.7718
2025-10-11 14:26:09,hazardous,0.7619
2025-10-11 14:26:09,hazardous,0.7274
2025-10-11 14:26:10,hazardous,0.8777
2025-10-11 14:26:10,hazardous,0.9255
2025-10-11 14:26:10,hazardous,0.8736
2025-10-11 14:26:10,hazardous,0.7735
2025-10-11 14:26:10,hazardous,0.8501
2025-10-11 14:26:10,hazardous,0.8177
2025-10-11 14:26:11,hazardous,0.8874
2025-10-11 14:26:11,hazardous,0.8878
2025-10-11 14:26:11,hazardous,0.9067
2025-10-11 14:26:11,hazardous,0.9014
2025-10-11 14:26:11,hazardous,0.9104
2025-10-11 14:26:12,hazardous,0.8837
2025-10-11 14:26:12,hazardous,0.8926
2025-10-11 14:26:12,hazardous,0.8223
2025-10-11 14:26:12,hazardous,0.8120
2025-10-11 14:26:12,hazardous,0.8784
2025-10-11 14:26:12,hazardous,0.7714
2025-10-11 14:26:12,hazardous,0.8097
2025-10-11 14:26:12,hazardous,0.8500
2025-10-11 14:26:13,hazardous,0.8791
2025-10-11 14:26:13,hazardous,0.8514
2025-10-11 14:26:13,hazardous,0.7763
2025-10-11 14:26:13,hazardous,0.8059
2025-10-11 14:26:13,hazardous,0.8308
2025-10-11 14:26:13,hazardous,0.8461
2025-10-11 14:26:13,hazardous,0.8745
2025-10-11 14:26:14,hazardous,0.8380
2025-10-11 14:26:14,hazardous,0.9406
2025-10-11 14:26:14,hazardous,0.7691
2025-10-11 14:26:14,hazardous,0.8273
2025-10-11 14:26:14,hazardous,0.9014
2025-10-11 14:26:14,hazardous,0.7789
2025-10-11 14:26:14,hazardous,0.8330
2025-10-11 14:26:15,hazardous,0.7851
2025-10-11 14:26:15,hazardous,0.7383
2025-10-11 14:26:15,hazardous,0.8052
2025-10-11 14:26:16,hazardous,0.7089
2025-10-11 14:26:16,hazardous,0.8339
2025-10-11 14:26:16,hazardous,0.7942
2025-10-11 14:26:16,hazardous,0.8455
2025-10-11 14:26:16,hazardous,0.7910
2025-10-11 14:26:17,hazardous,0.8336
2025-10-11 14:26:17,hazardous,0.8793
2025-10-11 14:26:17,hazardous,0.8891
2025-10-11 14:26:17,hazardous,0.7463
2025-10-11 14:26:17,hazardous,0.7010
2025-10-11 14:26:17,hazardous,0.8702
2025-10-11 14:26:17,hazardous,0.7156
2025-10-11 14:26:18,hazardous,0.9194
2025-10-11 14:26:18,hazardous,0.8577
2025-10-11 14:26:18,hazardous,0.9236
2025-10-11 14:26:18,hazardous,0.8321
2025-10-11 14:26:18,hazardous,0.7017
2025-10-11 14:26:19,recyclable,0.8143
2025-10-11 14:26:19,hazardous,0.7362
2025-10-11 14:26:19,recyclable,0.9841
2025-10-11 14:26:20,recyclable,0.9305
2025-10-11 14:26:20,recyclable,0.9288
2025-10-11 14:26:20,recyclable,0.9583
2025-10-11 14:26:20,recyclable,0.9134
2025-10-11 14:26:20,recyclable,0.9066
2025-10-11 14:26:21,recyclable,0.9394
2025-10-11 14:26:21,recyclable,0.9114
2025-10-11 14:26:21,recyclable,0.9189
2025-10-11 14:26:21,recyclable,0.9394
2025-10-11 14:26:21,recyclable,0.9419
2025-10-11 14:26:21,recyclable,0.9417
2025-10-11 14:26:21,recyclable,0.7678
2025-10-11 14:26:22,recyclable,0.7012
2025-10-11 14:26:22,recyclable,0.8428
2025-10-11 14:26:22,recyclable,0.8028
2025-10-11 14:26:22,recyclable,0.8782
2025-10-11 14:26:22,recyclable,0.8350
2025-10-11 14:26:22,recyclable,0.8601
2025-10-11 14:26:22,recyclable,0.8179
2025-10-11 14:26:22,recyclable,0.8839
2025-10-11 14:26:23,recyclable,0.8943
2025-10-11 14:26:23,recyclable,0.7897
2025-10-11 14:26:23,recyclable,0.8563
2025-10-11 14:26:23,recyclable,0.8225
2025-10-11 14:26:23,recyclable,0.7567
2025-10-11 14:26:23,recyclable,0.8216
2025-10-11 14:26:24,recyclable,0.9386
2025-10-11 14:26:24,recyclable,0.9337
2025-10-11 14:26:24,recyclable,0.9228
2025-10-11 14:26:24,recyclable,0.8811
2025-10-11 14:26:24,recyclable,0.8500
2025-10-11 14:26:24,recyclable,0.8635
2025-10-11 14:26:25,recyclable,0.9516
2025-10-11 14:26:25,recyclable,0.9120
2025-10-11 14:26:25,recyclable,0.8744
2025-10-11 14:26:25,recyclable,0.9488
2025-10-11 14:26:25,recyclable,0.9749
2025-10-11 14:26:25,recyclable,0.9624
2025-10-11 14:26:26,recyclable,0.9147
2025-10-11 14:26:26,recyclable,0.8625
2025-10-11 14:26:26,recyclable,0.8841
2025-10-11 14:26:26,recyclable,0.9544
2025-10-11 14:26:26,recyclable,0.9447
2025-10-11 14:26:26,recyclable,0.9386
2025-10-11 14:26:26,recyclable,0.9353
2025-10-11 14:26:26,recyclable,0.9316
2025-10-11 14:26:27,recyclable,0.8761
2025-10-11 14:26:27,recyclable,0.8388
2025-10-11 14:26:27,recyclable,0.8176
2025-10-11 14:26:27,recyclable,0.8617
2025-10-11 14:26:27,recyclable,0.7347
2025-10-11 14:26:27,recyclable,0.9483
2025-10-11 14:26:28,recyclable,0.8135
2025-10-11 14:26:28,recyclable,0.8634
2025-10-11 14:26:28,recyclable,0.9621
2025-10-11 14:26:28,recyclable,0.7590
2025-10-11 14:26:28,recyclable,0.8343
2025-10-11 14:26:29,recyclable,0.7946
2025-10-11 14:26:29,recyclable,0.9819
2025-10-11 14:26:29,recyclable,0.9606
2025-10-11 14:26:30,recyclable,0.8372
2025-10-11 14:26:30,recyclable,0.9663
2025-10-11 14:26:30,recyclable,0.9056
2025-10-11 14:26:30,recyclable,0.9876
2025-10-11 14:26:30,recyclable,0.9884
2025-10-11 14:26:31,recyclable,0.9420
2025-10-11 14:26:31,recyclable,0.8956
2025-10-11 14:26:31,recyclable,0.9622
2025-10-11 14:26:31,recyclable,0.9352
2025-10-11 14:26:31,recyclable,0.9894
2025-10-11 14:26:31,recyclable,0.8252
2025-10-11 14:26:31,recyclable,0.9418
2025-10-11 14:26:32,recyclable,0.8797
2025-10-11 14:26:32,recyclable,0.8860
2025-10-11 14:26:32,recyclable,0.9836
2025-10-11 14:26:32,recyclable,0.9687
2025-10-11 14:26:32,recyclable,0.9824
2025-10-11 14:26:32,recyclable,0.9078
2025-10-11 14:26:32,recyclable,0.8565
2025-10-11 14:26:33,recyclable,0.8917
2025-10-11 14:26:33,recyclable,0.9184
2025-10-11 14:26:33,recyclable,0.9213
2025-10-11 14:26:33,recyclable,0.8587
2025-10-11 14:26:33,recyclable,0.8882
2025-10-11 14:26:33,recyclable,0.9810
2025-10-11 14:26:33,recyclable,0.9925
2025-10-11 14:26:34,recyclable,0.9884
2025-10-11 14:26:34,recyclable,0.9100
2025-10-11 14:26:34,recyclable,0.9555
2025-10-11 14:26:34,recyclable,0.9583
2025-10-11 14:26:34,recyclable,0.9409
2025-10-11 14:26:34,recyclable,0.9223
2025-10-11 14:26:35,recyclable,0.9240
2025-10-11 14:26:35,recyclable,0.8244
2025-10-11 14:26:35,recyclable,0.9193
2025-10-11 14:26:35,recyclable,0.8457
2025-10-11 14:26:35,recyclable,0.8618
2025-10-11 14:26:35,recyclable,0.8841
2025-10-11 14:26:36,recyclable,0.8769
2025-10-11 14:26:36,recyclable,0.8019
2025-10-11 14:26:36,recyclable,0.8391
2025-10-11 14:26:36,recyclable,0.8664
2025-10-11 14:26:36,recyclable,0.7878
2025-10-11 14:26:36,recyclable,0.9019
2025-10-11 14:26:37,recyclable,0.8089
2025-10-11 14:26:37,recyclable,0.9447
2025-10-11 14:26:37,recyclable,0.8908
2025-10-11 14:26:37,recyclable,0.8395
2025-10-11 14:26:37,recyclable,0.8571
2025-10-11 14:26:37,recyclable,0.7503
2025-10-11 14:26:38,recyclable,0.9689
2025-10-11 14:26:38,recyclable,0.9546
2025-10-11 14:26:38,recyclable,0.9291
2025-10-11 14:26:38,recyclable,0.9742
2025-10-11 14:26:38,recyclable,0.9480
2025-10-11 14:26:38,recyclable,0.9167
2025-10-11 14:26:38,recyclable,0.9546
2025-10-11 14:26:39,recyclable,0.9697
2025-10-11 14:26:39,recyclable,0.9344
2025-10-11 14:26:39,recyclable,0.9202
2025-10-11 14:26:39,recyclable,0.9165
2025-10-11 14:26:39,recyclable,0.8657
2025-10-11 14:26:39,recyclable,0.9615
2025-10-11 14:26:39,recyclable,0.9427
2025-10-11 14:26:40,recyclable,0.9326
2025-10-11 14:26:40,recyclable,0.9618
2025-10-11 14:26:40,recyclable,0.8604
2025-10-11 14:26:40,recyclable,0.8949
2025-10-11 14:26:40,recyclable,0.9604
2025-10-11 14:26:40,recyclable,0.9581
2025-10-11 14:26:40,recyclable,0.9330
2025-10-11 14:26:41,recyclable,0.9581
2025-10-11 14:26:41,recyclable,0.9689
2025-10-11 14:26:41,recyclable,0.9630
2025-10-11 14:26:41,recyclable,0.9602
2025-10-11 14:26:41,recyclable,0.9404
2025-10-11 14:26:41,recyclable,0.9805
2025-10-11 14:26:41,recyclable,0.9031
2025-10-11 14:26:42,recyclable,0.9231
2025-10-11 14:26:42,recyclable,0.9015
2025-10-11 14:26:42,recyclable,0.9757
2025-10-11 14:26:42,recyclable,0.9054
2025-10-11 14:26:42,recyclable,0.9346
2025-10-11 14:26:42,recyclable,0.9497
2025-10-11 14:26:42,recyclable,0.9445
2025-10-11 14:30:28,hazardous,0.7457
2025-10-11 14:30:28,hazardous,0.7817
2025-10-11 14:30:29,hazardous,0.8437
2025-10-11 14:30:30,hazardous,0.7874
2025-10-11 14:30:31,hazardous,0.7458
2025-10-11 14:30:32,hazardous,0.7529
2025-10-11 14:30:33,hazardous,0.7043
2025-10-11 14:30:33,hazardous,0.9026
2025-10-11 14:30:33,hazardous,0.8493
2025-10-11 14:30:33,hazardous,0.8730
2025-10-11 14:30:33,hazardous,0.8837
2025-10-11 14:30:33,hazardous,0.9371
2025-10-11 14:30:34,hazardous,0.8805
2025-10-11 14:30:34,hazardous,0.8587
2025-10-11 14:30:34,hazardous,0.7073
2025-10-11 14:30:34,hazardous,0.7359
2025-10-11 14:30:34,hazardous,0.7329
2025-10-11 14:30:34,hazardous,0.7775
2025-10-11 14:30:34,hazardous,0.8460
2025-10-11 14:30:35,hazardous,0.8804
2025-10-11 14:30:35,hazardous,0.8968
2025-10-11 14:30:35,hazardous,0.8860
2025-10-11 14:30:35,hazardous,0.9747
2025-10-11 14:30:35,hazardous,0.9551
2025-10-11 14:30:36,hazardous,0.9783
2025-10-11 14:30:36,hazardous,0.9006
2025-10-11 14:30:36,hazardous,0.9592
2025-10-11 14:30:36,hazardous,0.9560
2025-10-11 14:30:36,hazardous,0.9595
2025-10-11 14:30:36,hazardous,0.9679
2025-10-11 14:30:36,hazardous,0.9488
2025-10-11 14:30:37,hazardous,0.9642
2025-10-11 14:30:37,hazardous,0.8411
2025-10-11 14:30:37,hazardous,0.8964
2025-10-11 14:30:37,hazardous,0.7486
2025-10-11 14:30:37,hazardous,0.7894
2025-10-11 14:30:37,hazardous,0.7549
2025-10-11 14:30:38,hazardous,0.7844
2025-10-11 14:30:38,hazardous,0.7437
2025-10-11 14:30:39,hazardous,0.7543
2025-10-11 14:30:39,hazardous,0.7058
2025-10-11 14:30:39,hazardous,0.7584
2025-10-11 14:30:39,hazardous,0.7909
2025-10-11 14:30:39,hazardous,0.8000
2025-10-11 14:30:40,hazardous,0.7774
2025-10-11 14:30:40,hazardous,0.8187
2025-10-11 14:30:40,hazardous,0.8421
2025-10-11 14:30:40,hazardous,0.8021
2025-10-11 14:30:41,hazardous,0.8781
2025-10-11 14:30:41,hazardous,0.8978
2025-10-11 14:30:41,hazardous,0.7252
2025-10-11 14:30:42,recyclable,0.7377
2025-10-11 14:30:42,recyclable,0.8740
2025-10-11 14:30:43,hazardous,0.7126
2025-10-11 14:30:45,recyclable,0.8260
2025-10-11 14:30:46,recyclable,0.7485
2025-10-11 14:30:46,recyclable,0.7765
2025-10-11 14:30:48,recyclable,0.8013
2025-10-11 14:30:48,recyclable,0.7768
2025-10-11 14:30:49,recyclable,0.8696
2025-10-11 14:30:49,recyclable,0.9339
2025-10-11 14:31:18,hazardous,0.7479
2025-10-11 14:31:18,recyclable,0.9111
2025-10-11 14:31:19,recyclable,0.8719
2025-10-11 14:31:19,recyclable,0.7067
2025-10-11 14:31:19,recyclable,0.7387
2025-10-11 14:31:19,recyclable,0.8533
2025-10-11 14:31:20,recyclable,0.7813
2025-10-11 14:31:22,recyclable,0.7385
2025-10-11 14:31:22,recyclable,0.7042
2025-10-11 14:31:23,recyclable,0.7558
2025-10-11 14:31:23,recyclable,0.8423
2025-10-11 14:31:23,recyclable,0.8831
2025-10-11 14:31:23,recyclable,0.8510
2025-10-11 14:31:23,recyclable,0.7371
2025-10-11 14:31:24,recyclable,0.7700
2025-10-11 14:31:24,recyclable,0.8046
2025-10-11 14:31:24,recyclable,0.7384
2025-10-11 14:31:24,recyclable,0.8322
2025-10-11 14:31:24,recyclable,0.7734
2025-10-11 14:31:24,recyclable,0.7059
2025-10-11 14:31:25,recyclable,0.7298
2025-10-11 14:31:25,recyclable,0.8538
2025-10-11 14:31:25,recyclable,0.9161
2025-10-11 14:31:25,recyclable,0.8469
2025-10-11 14:35:30,recyclable,0.8415
2025-10-11 14:35:30,hazardous,0.9855
2025-10-11 14:35:31,hazardous,0.9711
2025-10-11 14:35:31,hazardous,0.9858
2025-10-11 14:35:31,hazardous,0.7274
2025-10-11 14:35:32,recyclable,0.7368
2025-10-11 14:35:32,recyclable,0.9691
2025-10-11 14:35:32,hazardous,0.7686
2025-10-11 14:35:32,recyclable,0.8313
2025-10-11 14:35:33,hazardous,0.7612
2025-10-11 14:35:33,hazardous,0.7458
2025-10-11 14:35:33,recyclable,0.9190
2025-10-11 14:35:33,recyclable,0.9384
2025-10-11 14:35:33,recyclable,0.9706
2025-10-11 14:35:34,recyclable,0.9890
2025-10-11 14:35:34,recyclable,0.9628
2025-10-11 14:35:34,recyclable,0.9854
2025-10-11 14:35:34,recyclable,0.9871
2025-10-11 14:35:34,recyclable,0.9908
2025-10-11 14:35:34,recyclable,0.9880
2025-10-11 14:35:34,recyclable,0.9439
2025-10-11 14:35:34,recyclable,0.9388
2025-10-11 14:35:35,recyclable,0.9802
2025-10-11 14:35:35,recyclable,0.9849
2025-10-11 14:35:35,recyclable,0.9856
2025-10-11 14:35:35,recyclable,0.9743
2025-10-11 14:35:35,recyclable,0.9737
2025-10-11 14:35:35,recyclable,0.9730
2025-10-11 14:35:35,recyclable,0.9918
2025-10-11 14:35:36,recyclable,0.9860
2025-10-11 14:35:36,recyclable,0.9675
2025-10-11 14:35:36,recyclable,0.9734
2025-10-11 14:35:36,recyclable,0.9701
2025-10-11 14:35:36,recyclable,0.9617
2025-10-11 14:35:36,recyclable,0.9695
2025-10-11 14:35:36,recyclable,0.9876
2025-10-11 14:35:37,recyclable,0.9752
2025-10-11 14:35:37,recyclable,0.9686
2025-10-11 14:35:37,recyclable,0.9758
2025-10-11 14:35:37,recyclable,0.9566
2025-10-11 14:35:37,recyclable,0.9819
2025-10-11 14:35:37,recyclable,0.9673
2025-10-11 14:35:37,recyclable,0.9358
2025-10-11 14:35:38,recyclable,0.9682
2025-10-11 14:35:38,recyclable,0.9554
2025-10-11 14:35:38,recyclable,0.9848
2025-10-11 14:35:38,recyclable,0.9970
2025-10-11 14:35:38,recyclable,0.9888
2025-10-11 14:35:38,recyclable,0.9869
2025-10-11 14:35:39,recyclable,0.9845
2025-10-11 14:35:39,recyclable,0.9865
2025-10-11 14:35:39,recyclable,0.9769
2025-10-11 14:35:39,recyclable,0.9752
2025-10-11 14:35:39,recyclable,0.9803
2025-10-11 14:35:39,recyclable,0.9681
2025-10-11 14:35:39,recyclable,0.9803
2025-10-11 14:35:39,recyclable,0.9607
2025-10-11 14:35:40,recyclable,0.9770
2025-10-11 14:35:40,recyclable,0.9335
2025-10-11 14:35:40,recyclable,0.9381
2025-10-11 14:35:40,recyclable,0.9812
2025-10-11 14:35:40,recyclable,0.9722
2025-10-11 14:35:40,recyclable,0.9740
2025-10-11 14:35:40,recyclable,0.9622
2025-10-11 14:35:41,recyclable,0.9825
2025-10-11 14:35:41,recyclable,0.9770
2025-10-11 14:35:41,recyclable,0.9702
2025-10-11 14:35:41,recyclable,0.9706
2025-10-11 14:35:41,recyclable,0.8994
2025-10-11 14:35:41,recyclable,0.9550
2025-10-11 14:35:41,recyclable,0.9575
2025-10-11 14:35:42,recyclable,0.9589
2025-10-11 14:35:42,recyclable,0.9204
2025-10-11 14:35:42,recyclable,0.9453
2025-10-11 14:35:42,recyclable,0.9777
2025-10-11 14:35:42,recyclable,0.9683
2025-10-11 14:35:42,recyclable,0.9716
2025-10-11 14:35:42,recyclable,0.9642
2025-10-11 14:35:42,recyclable,0.9764
2025-10-11 14:35:43,recyclable,0.9919
2025-10-11 14:35:43,recyclable,0.9539
2025-10-11 14:35:43,recyclable,0.9862
2025-10-11 14:35:43,recyclable,0.9966
2025-10-11 14:35:43,recyclable,0.9875
2025-10-11 14:35:43,recyclable,0.9957
2025-10-11 14:35:43,recyclable,0.9913
2025-10-11 14:35:43,recyclable,0.9880
2025-10-11 14:35:44,recyclable,0.9906
2025-10-11 14:35:44,recyclable,0.9830
2025-10-11 14:35:44,recyclable,0.9857
2025-10-11 14:35:44,recyclable,0.9790
2025-10-11 14:35:44,recyclable,0.9749
2025-10-11 14:35:44,recyclable,0.9867
2025-10-11 14:35:44,recyclable,0.9828
2025-10-11 14:35:44,recyclable,0.9652
2025-10-11 14:35:45,recyclable,0.9812
2025-10-11 14:35:45,recyclable,0.9908
2025-10-11 14:35:45,recyclable,0.9954
2025-10-11 14:35:45,recyclable,0.9862
2025-10-11 14:35:45,recyclable,0.9872
2025-10-11 14:35:45,recyclable,0.9938
2025-10-11 14:35:46,hazardous,0.9174
2025-10-11 14:35:46,hazardous,0.9290
2025-10-11 14:35:46,hazardous,0.8718
2025-10-11 14:35:46,hazardous,0.9039
2025-10-11 14:35:46,hazardous,0.8735
2025-10-11 14:35:46,hazardous,0.7454
2025-10-11 14:35:46,hazardous,0.7449
2025-10-11 14:35:46,hazardous,0.7919
2025-10-11 14:35:47,hazardous,0.9257
2025-10-11 14:35:47,hazardous,0.7085
2025-10-11 14:35:47,hazardous,0.7855
2025-10-11 14:35:47,hazardous,0.7339
2025-10-11 14:35:47,hazardous,0.7426
2025-10-11 14:35:48,hazardous,0.8666
2025-10-11 14:35:48,hazardous,0.8705
2025-10-11 14:35:48,hazardous,0.8135
2025-10-11 14:35:48,hazardous,0.7854
2025-10-11 14:35:48,hazardous,0.8841
2025-10-11 14:35:48,hazardous,0.8159
2025-10-11 14:35:48,hazardous,0.7249
2025-10-11 14:35:49,hazardous,0.8541
2025-10-11 14:35:49,hazardous,0.9964
2025-10-11 14:35:49,hazardous,0.9885
2025-10-11 14:35:49,hazardous,0.9883
2025-10-11 14:35:49,hazardous,0.9930
2025-10-11 14:35:49,hazardous,0.9513
2025-10-11 14:35:50,hazardous,0.9849
2025-10-11 14:35:50,hazardous,0.9775
2025-10-11 14:35:50,hazardous,0.9915
2025-10-11 14:35:50,hazardous,0.9713
2025-10-11 14:35:50,hazardous,0.9786
2025-10-11 14:35:50,hazardous,0.9407
2025-10-11 14:35:50,hazardous,0.9820
2025-10-11 14:35:51,hazardous,0.9854
2025-10-11 14:35:51,hazardous,0.9215
2025-10-11 14:35:51,hazardous,0.7967
2025-10-11 14:35:51,hazardous,0.8018
2025-10-11 14:35:51,hazardous,0.9110
2025-10-11 14:35:52,hazardous,0.9237
2025-10-11 14:35:52,hazardous,0.8650
2025-10-11 14:35:52,hazardous,0.8476
2025-10-11 14:35:52,hazardous,0.7991
2025-10-11 14:35:52,hazardous,0.8015
2025-10-11 14:35:52,hazardous,0.8043
2025-10-11 14:35:52,hazardous,0.7779
2025-10-11 14:35:53,hazardous,0.8591
2025-10-11 14:35:53,hazardous,0.9277
2025-10-11 14:35:53,hazardous,0.9501
2025-10-11 14:35:53,hazardous,0.9821
2025-10-11 14:35:53,hazardous,0.9898
2025-10-11 14:35:53,hazardous,0.9939
2025-10-11 14:35:53,hazardous,0.9957
2025-10-11 14:35:53,hazardous,0.9964
2025-10-11 14:35:54,hazardous,0.9961
2025-10-11 14:35:54,hazardous,0.9958
2025-10-11 14:35:54,hazardous,0.9848
2025-10-11 14:35:54,hazardous,0.9932
2025-10-11 14:35:54,hazardous,0.9973
2025-10-11 14:35:54,hazardous,0.9931
2025-10-11 14:35:54,hazardous,0.9908
2025-10-11 14:38:56,hazardous,0.8153
2025-10-11 14:38:56,hazardous,0.9904
2025-10-11 14:38:56,hazardous,0.9886
2025-10-11 14:38:57,hazardous,0.9954
2025-10-11 14:38:57,hazardous,0.9868
2025-10-11 14:38:57,hazardous,0.9831
2025-10-11 14:38:57,recyclable,0.7507
2025-10-11 14:38:57,recyclable,0.9278
2025-10-11 14:38:57,recyclable,0.9383
2025-10-11 14:38:58,recyclable,0.8171
2025-10-11 14:38:58,recyclable,0.9410
2025-10-11 14:38:58,recyclable,0.9825
2025-10-11 14:38:58,recyclable,0.9958
2025-10-11 14:38:59,recyclable,0.9015
2025-10-11 14:38:59,recyclable,0.9216
2025-10-11 14:38:59,recyclable,0.9201
2025-10-11 14:38:59,recyclable,0.9119
2025-10-11 14:38:59,recyclable,0.9545
2025-10-11 14:38:59,recyclable,0.9456
2025-10-11 14:39:00,recyclable,0.9518
2025-10-11 14:39:00,recyclable,0.9808
2025-10-11 14:39:00,recyclable,0.9872
2025-10-11 14:39:00,recyclable,0.9850
2025-10-11 14:39:00,recyclable,0.9807
2025-10-11 14:39:00,recyclable,0.9386
2025-10-11 14:39:00,recyclable,0.9643
2025-10-11 14:39:00,recyclable,0.9575
2025-10-11 14:39:01,recyclable,0.9230
2025-10-11 14:39:01,recyclable,0.9667
2025-10-11 14:39:01,recyclable,0.9056
2025-10-11 14:39:01,recyclable,0.9510
2025-10-11 14:39:01,recyclable,0.9404
2025-10-11 14:39:01,recyclable,0.8833
2025-10-11 14:39:01,recyclable,0.8852
2025-10-11 14:39:01,recyclable,0.9721
2025-10-11 14:39:02,recyclable,0.9726
2025-10-11 14:39:02,recyclable,0.9513
2025-10-11 14:39:02,recyclable,0.9737
2025-10-11 14:39:02,recyclable,0.9584
2025-10-11 14:39:02,recyclable,0.9619
2025-10-11 14:39:02,recyclable,0.9710
2025-10-11 14:39:02,recyclable,0.9073
2025-10-11 14:39:02,recyclable,0.9352
2025-10-11 14:39:03,recyclable,0.9801
2025-10-11 14:39:03,recyclable,0.9791
2025-10-11 14:39:03,recyclable,0.9715
2025-10-11 14:39:03,recyclable,0.9876
2025-10-11 14:39:03,recyclable,0.9537
2025-10-11 14:39:03,recyclable,0.9213
2025-10-11 14:39:03,recyclable,0.8573
2025-10-11 14:39:04,recyclable,0.8591
2025-10-11 14:39:04,recyclable,0.8855
2025-10-11 14:39:04,hazardous,0.7191
2025-10-11 14:39:05,hazardous,0.7721
2025-10-11 14:39:05,hazardous,0.9150
2025-10-11 14:39:05,hazardous,0.8876
2025-10-11 14:39:05,hazardous,0.7268
2025-10-11 14:39:05,hazardous,0.8763
2025-10-11 14:39:06,hazardous,0.7428
2025-10-11 14:39:06,hazardous,0.9052
2025-10-11 14:39:07,recyclable,0.8741
2025-10-11 14:39:07,recyclable,0.8241
2025-10-11 14:39:08,recyclable,0.7490
2025-10-11 14:39:08,hazardous,0.7043
2025-10-11 14:39:08,recyclable,0.8094
2025-10-11 14:39:10,recyclable,0.7694
2025-10-11 14:39:10,recyclable,0.7694
2025-10-11 14:39:10,hazardous,0.8326
2025-10-11 14:39:10,hazardous,0.9740
2025-10-11 14:39:10,hazardous,0.9255
2025-10-11 14:39:10,hazardous,0.8230
2025-10-11 14:39:10,hazardous,0.7627
2025-10-11 14:39:10,hazardous,0.7165
2025-10-11 14:39:11,hazardous,0.7438
2025-10-11 14:39:11,hazardous,0.7887
2025-10-11 14:39:11,hazardous,0.8399
2025-10-11 14:39:11,hazardous,0.8030
2025-10-11 14:39:11,hazardous,0.8751
2025-10-11 14:39:11,hazardous,0.7736
2025-10-11 14:39:11,hazardous,0.8070
2025-10-11 14:39:11,hazardous,0.8403
2025-10-11 14:39:12,hazardous,0.7925
2025-10-11 14:39:12,hazardous,0.8081
2025-10-11 14:39:12,hazardous,0.8390
2025-10-11 14:39:12,hazardous,0.8208
2025-10-11 14:39:12,hazardous,0.8700
2025-10-11 14:39:12,hazardous,0.7262
2025-10-11 14:39:12,hazardous,0.8232
2025-10-11 14:39:12,hazardous,0.8114
2025-10-11 14:39:13,hazardous,0.8828
2025-10-11 14:39:13,hazardous,0.8570
2025-10-11 14:39:13,hazardous,0.7711
2025-10-11 14:39:13,hazardous,0.7015
2025-10-11 14:39:13,hazardous,0.7132
2025-10-11 14:39:14,hazardous,0.7717
2025-10-11 14:39:14,hazardous,0.7258
2025-10-11 14:39:14,hazardous,0.8015
2025-10-11 14:39:14,hazardous,0.8743
2025-10-11 14:39:14,hazardous,0.8916
2025-10-11 14:39:15,hazardous,0.9022
2025-10-11 14:39:15,hazardous,0.7038
2025-10-11 14:39:15,hazardous,0.7321
2025-10-11 14:39:15,hazardous,0.7143
2025-10-11 14:39:17,recyclable,0.8099
2025-10-11 14:39:17,recyclable,0.8782
2025-10-11 14:39:17,recyclable,0.8845
2025-10-11 14:39:17,recyclable,0.8887
2025-10-11 14:39:17,recyclable,0.8277
2025-10-11 14:39:17,hazardous,0.7565
2025-10-11 14:39:17,hazardous,0.8669
2025-10-11 14:39:18,hazardous,0.8014
2025-10-11 14:39:18,hazardous,0.9246
2025-10-11 14:39:18,hazardous,0.9267
2025-10-11 14:39:18,hazardous,0.9291
2025-10-11 14:39:18,hazardous,0.9135
2025-10-11 14:39:18,hazardous,0.9186
2025-10-11 14:39:18,hazardous,0.9363
2025-10-11 14:39:18,hazardous,0.9084
2025-10-11 14:39:19,hazardous,0.9035
2025-10-11 14:39:19,hazardous,0.9054
2025-10-11 14:39:19,hazardous,0.8908
2025-10-11 14:39:19,hazardous,0.8492
2025-10-11 14:39:19,hazardous,0.8638
2025-10-11 14:39:19,hazardous,0.8532
2025-10-11 14:39:19,hazardous,0.8320
2025-10-11 14:39:19,hazardous,0.8090
2025-10-11 14:39:19,hazardous,0.8197
2025-10-11 14:39:20,hazardous,0.7378
2025-10-11 14:39:20,hazardous,0.7486
2025-10-11 14:39:20,hazardous,0.7134
2025-10-11 14:39:20,hazardous,0.7140
2025-10-11 14:39:20,hazardous,0.7863
2025-10-11 14:39:21,hazardous,0.7251
2025-10-11 14:39:21,hazardous,0.8479
2025-10-11 14:39:21,hazardous,0.8727
2025-10-11 14:39:22,hazardous,0.8988
2025-10-11 14:39:22,hazardous,0.8701
2025-10-11 14:39:22,hazardous,0.8448
2025-10-11 14:39:22,hazardous,0.8396
2025-10-11 14:39:22,hazardous,0.8358
2025-10-11 14:39:22,hazardous,0.8194
2025-10-11 14:39:22,hazardous,0.7908
2025-10-11 14:39:22,hazardous,0.8038
2025-10-11 14:39:22,hazardous,0.8020
2025-10-11 14:39:23,hazardous,0.7949
2025-10-11 14:39:23,hazardous,0.7949
2025-10-11 14:39:23,hazardous,0.8388
2025-10-11 14:39:23,hazardous,0.7769
2025-10-11 14:39:23,hazardous,0.7567
2025-10-11 14:39:23,hazardous,0.7721
2025-10-11 14:39:23,hazardous,0.8058
2025-10-11 14:39:23,hazardous,0.8117
2025-10-11 14:39:24,hazardous,0.8305
2025-10-11 14:39:24,hazardous,0.8193
2025-10-11 14:39:25,hazardous,0.7135
2025-10-11 14:39:25,hazardous,0.7697
2025-10-11 14:39:25,hazardous,0.7697
2025-10-11 14:39:25,hazardous,0.7649
2025-10-11 14:39:26,hazardous,0.9213
2025-10-11 14:39:26,hazardous,0.8738
2025-10-11 14:39:26,hazardous,0.8475
2025-10-11 14:39:26,hazardous,0.8475
2025-10-11 14:39:26,hazardous,0.9399
2025-10-11 14:39:26,hazardous,0.9308
2025-10-11 14:39:26,hazardous,0.9533
2025-10-11 14:39:27,hazardous,0.9573
2025-10-11 14:39:27,hazardous,0.9640
2025-10-11 14:39:27,hazardous,0.9672
2025-10-11 14:39:27,hazardous,0.9350
2025-10-11 14:39:27,hazardous,0.9272
2025-10-11 14:39:27,hazardous,0.9104
2025-10-11 14:39:27,hazardous,0.9125
2025-10-11 14:39:28,hazardous,0.9226
2025-10-11 14:39:28,hazardous,0.9260
2025-10-11 14:39:28,hazardous,0.8699
2025-10-11 14:39:28,hazardous,0.8544
2025-10-11 14:39:28,hazardous,0.7270
2025-10-11 14:39:29,hazardous,0.9088
2025-10-11 14:39:29,hazardous,0.8471
2025-10-11 14:39:29,hazardous,0.8674
2025-10-11 14:39:29,hazardous,0.9619
2025-10-11 14:39:29,hazardous,0.9049
2025-10-11 14:39:29,hazardous,0.8812
2025-10-11 14:39:29,recyclable,0.8264
2025-10-11 14:39:30,recyclable,0.9325
2025-10-11 14:39:30,recyclable,0.7859
2025-10-11 14:39:30,recyclable,0.9387
2025-10-11 14:39:30,recyclable,0.9506
2025-10-11 14:39:30,recyclable,0.7690
2025-10-11 14:39:31,hazardous,0.8617
2025-10-11 14:39:31,hazardous,0.7870
2025-10-11 14:39:31,hazardous,0.7560
2025-10-11 14:39:31,hazardous,0.8626
2025-10-11 14:39:31,hazardous,0.7124
2025-10-11 14:39:32,hazardous,0.7184
2025-10-11 14:39:32,recyclable,0.8372
2025-10-11 14:39:32,hazardous,0.8875
2025-10-11 14:39:32,hazardous,0.9364
2025-10-11 14:39:33,hazardous,0.9456
2025-10-11 14:39:33,hazardous,0.9817
2025-10-11 14:39:33,hazardous,0.9061
2025-10-11 14:39:33,hazardous,0.9507
2025-10-11 14:39:33,hazardous,0.9229
2025-10-11 14:39:33,hazardous,0.9751
2025-10-11 14:39:33,hazardous,0.8501
2025-10-11 14:39:33,recyclable,0.7954
2025-10-11 14:39:34,recyclable,0.7960
2025-10-11 14:39:34,recyclable,0.8330
2025-10-11 14:39:34,recyclable,0.7710
2025-10-11 14:39:34,recyclable,0.8638
2025-10-11 14:39:34,hazardous,0.8715
2025-10-11 14:39:34,hazardous,0.7554
2025-10-11 14:39:35,recyclable,0.8004
2025-10-11 14:39:35,recyclable,0.7152
2025-10-11 14:39:35,recyclable,0.7367
2025-10-11 14:39:35,recyclable,0.8118
2025-10-11 14:39:35,recyclable,0.8415
2025-10-11 14:39:35,recyclable,0.8532
2025-10-11 14:39:35,recyclable,0.9887
2025-10-11 14:39:36,recyclable,0.9819
2025-10-11 14:39:36,recyclable,0.8641
2025-10-11 14:39:36,recyclable,0.8825
2025-10-11 14:39:36,recyclable,0.9496
2025-10-11 14:39:36,recyclable,0.9605
2025-10-11 14:39:36,recyclable,0.9819
2025-10-11 14:39:36,recyclable,0.9827
2025-10-11 14:39:36,recyclable,0.9818
2025-10-11 14:39:37,recyclable,0.9854
2025-10-11 14:39:37,recyclable,0.8329
2025-10-11 14:39:37,recyclable,0.8459
2025-10-11 14:39:37,recyclable,0.8415
2025-10-11 14:39:37,recyclable,0.9189
2025-10-11 14:39:37,recyclable,0.9467
2025-10-11 14:39:38,recyclable,0.9885
2025-10-11 14:39:38,recyclable,0.9929
2025-10-11 14:39:38,recyclable,0.9630
2025-10-11 14:39:38,recyclable,0.9893
2025-10-11 14:39:38,recyclable,0.9772
2025-10-11 14:39:38,recyclable,0.9905
2025-10-11 14:39:38,recyclable,0.9761
2025-10-11 14:39:38,recyclable,0.9866
2025-10-11 14:39:39,recyclable,0.9862
2025-10-11 14:39:39,recyclable,0.9876
2025-10-11 14:39:39,recyclable,0.9946
2025-10-11 14:39:39,recyclable,0.9923
2025-10-11 14:39:39,recyclable,0.9930
2025-10-11 14:39:39,recyclable,0.9882
2025-10-11 14:39:39,recyclable,0.9847
2025-10-11 14:39:39,recyclable,0.9970
2025-10-11 14:39:40,recyclable,0.9972
2025-10-11 14:39:40,recyclable,0.9877
2025-10-11 14:39:40,recyclable,0.9846
2025-10-11 14:39:40,recyclable,0.9847
2025-10-11 14:39:40,recyclable,0.9868
2025-10-11 14:39:40,recyclable,0.9794
2025-10-11 14:39:40,recyclable,0.9646
2025-10-11 14:39:40,recyclable,0.9608
2025-10-11 14:39:41,recyclable,0.9615
2025-10-11 14:39:41,recyclable,0.9696
2025-10-11 14:39:41,recyclable,0.7861
2025-10-11 14:39:41,recyclable,0.8593
2025-10-11 14:39:41,recyclable,0.7899
2025-10-11 14:39:41,recyclable,0.7127
2025-10-11 14:39:41,recyclable,0.9118
2025-10-11 14:39:41,recyclable,0.9362
2025-10-11 14:39:41,recyclable,0.9516
2025-10-11 14:39:42,recyclable,0.9382
2025-10-11 14:39:42,recyclable,0.9570
2025-10-11 14:39:42,recyclable,0.9042
2025-10-11 14:39:42,recyclable,0.7680
2025-10-11 14:39:42,recyclable,0.8040
2025-10-11 14:39:42,recyclable,0.8455
2025-10-11 14:39:42,recyclable,0.8786
2025-10-11 14:39:42,recyclable,0.8471
2025-10-11 14:39:43,recyclable,0.8014
2025-10-11 14:39:43,recyclable,0.7908
2025-10-11 14:39:43,recyclable,0.8137
2025-10-11 14:39:43,recyclable,0.7179
2025-10-11 14:39:43,recyclable,0.7383
2025-10-11 14:39:44,recyclable,0.8701
2025-10-11 14:39:44,hazardous,0.7194
2025-10-11 14:39:44,hazardous,0.8894
2025-10-11 14:39:45,hazardous,0.8933
2025-10-11 14:39:45,hazardous,0.8150
2025-10-11 14:39:45,hazardous,0.8502
2025-10-11 14:39:45,hazardous,0.7454
2025-10-11 14:39:45,hazardous,0.7505
2025-10-11 14:39:46,hazardous,0.7593
2025-10-11 14:39:46,hazardous,0.7954
2025-10-11 14:39:46,hazardous,0.8029
2025-10-11 14:39:46,hazardous,0.8254
2025-10-11 14:39:46,hazardous,0.7600
2025-10-11 14:39:47,hazardous,0.8185
2025-10-11 14:39:47,hazardous,0.9702
2025-10-11 14:39:47,hazardous,0.9231
2025-10-11 14:39:47,hazardous,0.9488
2025-10-11 14:39:47,hazardous,0.9319
2025-10-11 14:39:47,hazardous,0.7040
2025-10-11 14:39:48,hazardous,0.7141
2025-10-11 14:39:48,hazardous,0.9183
2025-10-11 14:39:48,hazardous,0.9556
2025-10-11 14:39:48,hazardous,0.9618
2025-10-11 14:39:49,hazardous,0.8343
2025-10-11 14:39:49,hazardous,0.7050
2025-10-11 14:39:50,hazardous,0.7358
2025-10-11 14:39:50,hazardous,0.8294
2025-10-11 14:39:50,hazardous,0.8845
2025-10-11 14:39:50,hazardous,0.7569
2025-10-11 14:39:51,hazardous,0.8892
2025-10-11 14:39:51,hazardous,0.8915
2025-10-11 14:39:51,hazardous,0.8066
2025-10-11 14:39:51,hazardous,0.8213
2025-10-11 14:39:51,hazardous,0.9036
2025-10-11 14:39:51,hazardous,0.9113
2025-10-11 14:39:51,hazardous,0.9206
2025-10-11 14:39:52,hazardous,0.8584
2025-10-11 14:39:52,hazardous,0.9358
2025-10-11 14:39:52,hazardous,0.8464
2025-10-11 14:39:52,hazardous,0.7560
2025-10-11 14:39:52,hazardous,0.7958
2025-10-11 14:39:52,hazardous,0.8225
2025-10-11 14:39:52,hazardous,0.7505
2025-10-11 14:39:52,hazardous,0.8768
2025-10-11 14:39:53,hazardous,0.8639
2025-10-11 14:39:53,hazardous,0.9116
2025-10-11 14:39:54,hazardous,0.7889
2025-10-11 14:39:54,hazardous,0.7438
2025-10-11 14:39:54,hazardous,0.9315
2025-10-11 14:39:54,hazardous,0.8229
2025-10-11 14:39:54,recyclable,0.7826
2025-10-11 14:39:54,recyclable,0.7548
2025-10-11 14:39:55,hazardous,0.7986
2025-10-11 14:39:55,hazardous,0.7986
2025-10-11 14:39:56,hazardous,0.8578
2025-10-11 14:39:56,hazardous,0.9531
2025-10-11 14:39:56,hazardous,0.9471
2025-10-11 14:39:56,hazardous,0.9358
2025-10-11 14:39:56,hazardous,0.9915
2025-10-11 14:39:56,hazardous,0.9779
2025-10-11 14:39:57,hazardous,0.9741
2025-10-11 14:39:57,hazardous,0.9805
2025-10-11 14:39:57,hazardous,0.9939
2025-10-11 14:39:57,hazardous,0.9898
2025-10-11 14:39:57,hazardous,0.9962
2025-10-11 14:39:57,hazardous,0.9859
2025-10-11 14:39:58,hazardous,0.9936
2025-10-11 14:39:58,hazardous,0.9871
2025-10-11 14:39:58,hazardous,0.9892
2025-10-11 14:39:58,hazardous,0.8604
2025-10-11 14:39:58,hazardous,0.9708
2025-10-11 14:39:59,hazardous,0.9702
2025-10-11 14:39:59,hazardous,0.9687
2025-10-11 14:39:59,hazardous,0.9907
2025-10-11 14:39:59,hazardous,0.9843
2025-10-11 14:39:59,hazardous,0.9853
2025-10-11 14:39:59,hazardous,0.9849
2025-10-11 14:39:59,hazardous,0.9876
2025-10-11 14:39:59,hazardous,0.9753
2025-10-11 14:40:00,hazardous,0.9744
2025-10-11 14:40:00,hazardous,0.9744
2025-10-11 14:40:00,hazardous,0.9044
2025-10-11 14:40:00,hazardous,0.9662
2025-10-11 14:40:00,hazardous,0.9811
2025-10-11 14:40:00,hazardous,0.9707
2025-10-11 14:40:00,hazardous,0.9401
2025-10-11 14:40:01,hazardous,0.9490
2025-10-11 14:40:01,hazardous,0.9547
2025-10-11 14:40:01,hazardous,0.9784
2025-10-11 14:40:01,hazardous,0.7535
2025-10-11 14:40:01,hazardous,0.7626
2025-10-11 14:40:02,hazardous,0.9315
2025-10-11 14:40:02,hazardous,0.8289
2025-10-11 14:40:02,hazardous,0.7240
2025-10-11 14:40:02,hazardous,0.7225
2025-10-11 14:40:02,hazardous,0.7833
2025-10-11 14:40:02,hazardous,0.8373
2025-10-11 14:40:02,hazardous,0.8472
2025-10-11 14:40:03,hazardous,0.7279
2025-10-11 14:40:03,hazardous,0.8447
2025-10-11 14:40:03,hazardous,0.7453
2025-10-11 14:40:03,hazardous,0.8145
2025-10-11 14:40:03,hazardous,0.9031
2025-10-11 14:40:03,hazardous,0.9236
2025-10-11 14:40:04,hazardous,0.9774
2025-10-11 14:40:04,hazardous,0.9864
2025-10-11 14:40:04,hazardous,0.9864
2025-10-11 14:40:04,hazardous,0.9746
2025-10-11 14:40:04,hazardous,0.9755
2025-10-11 14:40:04,hazardous,0.9607
2025-10-11 14:40:04,hazardous,0.9782
2025-10-11 14:40:04,hazardous,0.9877
2025-10-11 14:40:05,hazardous,0.9616
2025-10-11 14:40:05,hazardous,0.9633
2025-10-11 14:40:05,hazardous,0.9817
2025-10-11 14:40:05,hazardous,0.9790
2025-10-11 14:40:05,hazardous,0.9685
2025-10-11 14:40:05,hazardous,0.9440
2025-10-11 14:40:06,hazardous,0.9702
2025-10-11 14:40:06,hazardous,0.9529
2025-10-11 14:40:06,hazardous,0.9270
2025-10-11 14:40:06,hazardous,0.9554
2025-10-11 14:40:06,hazardous,0.9620
2025-10-11 14:40:06,hazardous,0.9919
2025-10-11 14:40:06,hazardous,0.9646
2025-10-11 14:40:07,hazardous,0.9891
2025-10-11 14:40:07,hazardous,0.9937
2025-10-11 14:40:07,hazardous,0.9915
2025-10-11 14:40:07,hazardous,0.9794
2025-10-11 14:40:07,hazardous,0.9482
2025-10-11 14:40:07,hazardous,0.9405
2025-10-11 14:40:08,hazardous,0.7762
2025-10-11 14:40:08,recyclable,0.8845
2025-10-11 14:40:08,recyclable,0.8823
2025-10-11 14:40:08,hazardous,0.7410
2025-10-11 14:40:08,hazardous,0.8505
2025-10-11 14:40:08,hazardous,0.8227
2025-10-11 14:40:09,hazardous,0.8031
2025-10-11 14:40:09,hazardous,0.7760
2025-10-11 14:40:09,hazardous,0.8322
2025-10-11 14:40:09,hazardous,0.8589
2025-10-11 14:40:09,hazardous,0.9171
2025-10-11 14:40:09,hazardous,0.8552
2025-10-11 14:40:09,hazardous,0.8716
2025-10-11 14:40:09,hazardous,0.8031
2025-10-11 14:40:10,hazardous,0.7010
2025-10-11 14:40:10,hazardous,0.7006
2025-10-11 14:40:10,hazardous,0.8283
2025-10-11 14:40:10,hazardous,0.8263
2025-10-11 14:40:10,recyclable,0.7387
2025-10-11 14:40:10,recyclable,0.7457
2025-10-11 14:40:10,hazardous,0.7332
2025-10-11 14:40:11,hazardous,0.8284
2025-10-11 14:40:11,recyclable,0.8298
2025-10-11 14:40:12,recyclable,0.7536
2025-10-11 14:40:12,recyclable,0.8847
2025-10-11 14:40:13,recyclable,0.8850
2025-10-11 14:40:13,hazardous,0.9117
2025-10-11 14:40:13,recyclable,0.8936
2025-10-11 14:40:13,recyclable,0.7111
2025-10-11 14:40:13,recyclable,0.7820
2025-10-11 14:40:14,hazardous,0.7950
2025-10-11 14:40:14,hazardous,0.9753
2025-10-11 14:40:14,hazardous,0.9753
2025-10-11 14:40:14,hazardous,0.9925
2025-10-11 14:40:14,hazardous,0.9074
2025-10-11 14:40:14,hazardous,0.9499
2025-10-11 14:40:14,hazardous,0.9393
2025-10-11 14:40:14,hazardous,0.7611
2025-10-11 14:40:14,hazardous,0.7837
2025-10-11 14:40:15,hazardous,0.9407
2025-10-11 14:40:15,hazardous,0.9601
2025-10-11 14:40:15,hazardous,0.9848
2025-10-11 14:40:15,hazardous,0.9929
2025-10-11 14:40:15,hazardous,0.9911
2025-10-11 14:40:15,hazardous,0.9946
2025-10-11 14:40:15,hazardous,0.9929
2025-10-11 14:40:15,hazardous,0.9881
2025-10-11 14:40:16,hazardous,0.9891
2025-10-11 14:40:16,hazardous,0.9911
2025-10-11 14:40:16,hazardous,0.9965
2025-10-11 14:40:16,hazardous,0.9935
2025-10-11 14:40:16,hazardous,0.9933
2025-10-11 14:40:16,hazardous,0.9956
2025-10-11 14:40:16,hazardous,0.9970
2025-10-11 14:40:16,hazardous,0.9970
2025-10-11 14:40:16,hazardous,0.9959
2025-10-11 14:40:17,hazardous,0.9820
2025-10-11 14:40:17,hazardous,0.9861
2025-10-11 14:40:17,hazardous,0.9601
2025-10-11 14:40:17,hazardous,0.9625
2025-10-11 14:40:17,hazardous,0.7811
2025-10-11 14:40:18,hazardous,0.7027
2025-10-11 14:40:19,hazardous,0.8675
2025-10-11 14:40:19,hazardous,0.7933
2025-10-11 14:40:19,hazardous,0.8447
2025-10-11 14:40:19,hazardous,0.7146
2025-10-11 14:40:19,hazardous,0.7608
2025-10-11 14:40:19,hazardous,0.7008
2025-10-11 14:40:20,hazardous,0.9439
2025-10-11 14:40:20,hazardous,0.7823
2025-10-11 14:40:21,recyclable,0.8386
2025-10-11 14:40:21,recyclable,0.8258
2025-10-11 14:40:21,hazardous,0.7245
2025-10-11 14:40:23,recyclable,0.7796
2025-10-11 14:40:23,recyclable,0.7887
2025-10-11 14:40:23,recyclable,0.8574
2025-10-11 14:40:23,recyclable,0.8881
2025-10-11 14:40:23,recyclable,0.8842
2025-10-11 14:40:24,recyclable,0.8815
2025-10-11 14:40:24,recyclable,0.8575
2025-10-11 14:40:24,recyclable,0.9024
2025-10-11 14:40:24,recyclable,0.8780
2025-10-11 14:40:24,recyclable,0.8426
2025-10-11 14:40:24,recyclable,0.8776
2025-10-11 14:40:24,recyclable,0.8575
2025-10-11 14:40:24,recyclable,0.8505
2025-10-11 14:40:24,recyclable,0.8561
2025-10-11 14:40:25,recyclable,0.8561
2025-10-11 14:40:25,recyclable,0.8136
2025-10-11 14:40:25,recyclable,0.8539
2025-10-11 14:40:25,recyclable,0.8625
2025-10-11 14:40:25,recyclable,0.8462
2025-10-11 14:40:25,recyclable,0.8560
2025-10-11 14:40:25,recyclable,0.8737
2025-10-11 14:40:25,recyclable,0.8339
2025-10-11 14:40:26,recyclable,0.8538
2025-10-11 14:40:26,recyclable,0.7937
2025-10-11 14:40:26,recyclable,0.8446
2025-10-11 14:40:26,recyclable,0.8533
2025-10-11 14:40:27,recyclable,0.8793
2025-10-11 14:40:27,recyclable,0.9028
2025-10-11 14:40:27,recyclable,0.8666
2025-10-11 14:40:27,recyclable,0.8678
2025-10-11 14:40:27,recyclable,0.8861
2025-10-11 14:40:27,recyclable,0.8801
2025-10-11 14:40:27,recyclable,0.8700
2025-10-11 14:40:27,recyclable,0.8455
2025-10-11 14:40:28,recyclable,0.8455
2025-10-11 14:40:28,recyclable,0.8900
2025-10-11 14:40:28,recyclable,0.8553
2025-10-11 14:40:28,recyclable,0.8640
2025-10-11 14:40:28,recyclable,0.8673
2025-10-11 14:40:29,recyclable,0.8339
2025-10-11 14:40:29,recyclable,0.8038
2025-10-11 14:40:29,recyclable,0.8845
2025-10-11 14:40:29,recyclable,0.7393
2025-10-11 14:40:29,recyclable,0.7799
2025-10-11 14:40:29,recyclable,0.8093
2025-10-11 14:40:30,recyclable,0.7489
2025-10-11 14:40:30,recyclable,0.8204
2025-10-11 14:40:30,recyclable,0.8152
2025-10-11 14:40:30,recyclable,0.7496
2025-10-11 14:40:30,recyclable,0.7496
2025-10-11 14:40:30,recyclable,0.7815
2025-10-11 14:40:30,recyclable,0.8553
2025-10-11 14:40:30,recyclable,0.8553
2025-10-11 14:40:31,recyclable,0.8530
2025-10-11 14:40:31,recyclable,0.8731
2025-10-11 14:40:31,recyclable,0.8529
2025-10-11 14:40:31,recyclable,0.8047
2025-10-11 14:40:31,recyclable,0.7858
2025-10-11 14:40:31,recyclable,0.7532
2025-10-11 14:40:31,recyclable,0.8101
2025-10-11 14:40:33,recyclable,0.7832
2025-10-11 14:40:33,recyclable,0.7094
2025-10-11 14:40:34,recyclable,0.8131
2025-10-11 14:40:34,hazardous,0.9619
2025-10-11 14:40:34,hazardous,0.8714
2025-10-11 14:40:34,recyclable,0.8648
2025-10-11 14:40:34,recyclable,0.8462
2025-10-11 14:40:34,recyclable,0.8128
2025-10-11 14:40:35,recyclable,0.8172
2025-10-11 14:40:35,recyclable,0.8389
2025-10-11 14:40:35,hazardous,0.8280
2025-10-11 14:40:36,hazardous,0.7187
2025-10-11 14:40:36,hazardous,0.7787
2025-10-11 14:40:36,hazardous,0.9600
2025-10-11 14:40:36,hazardous,0.9445
2025-10-11 14:40:36,hazardous,0.9445
2025-10-11 14:40:36,hazardous,0.9644
2025-10-11 14:40:36,hazardous,0.9489
2025-10-11 14:40:36,hazardous,0.9085
2025-10-11 14:40:37,hazardous,0.8483
2025-10-11 14:40:37,hazardous,0.9256
2025-10-11 14:40:37,hazardous,0.8989
2025-10-11 14:40:37,hazardous,0.8998
2025-10-11 14:40:37,hazardous,0.8630
2025-10-11 14:40:37,hazardous,0.7397
2025-10-11 14:40:38,hazardous,0.7883
2025-10-11 14:40:38,hazardous,0.9495
2025-10-11 14:40:38,hazardous,0.9723
2025-10-11 14:40:38,hazardous,0.8591
2025-10-11 14:40:39,hazardous,0.8731
2025-10-11 14:40:39,recyclable,0.7126
2025-10-11 14:40:39,recyclable,0.7099
2025-10-11 14:40:39,recyclable,0.8043
2025-10-11 14:40:39,recyclable,0.7014
2025-10-11 14:40:40,recyclable,0.9060
2025-10-11 14:40:40,recyclable,0.9219
2025-10-11 14:40:40,recyclable,0.9811
2025-10-11 14:40:40,recyclable,0.9872
2025-10-11 14:40:40,recyclable,0.9322
2025-10-11 14:40:40,recyclable,0.9592
2025-10-11 14:40:40,recyclable,0.9712
2025-10-11 14:40:41,recyclable,0.9741
2025-10-11 14:40:41,recyclable,0.9474
2025-10-11 14:40:41,recyclable,0.9517
2025-10-11 14:40:41,recyclable,0.7710
2025-10-11 14:40:41,hazardous,0.9733
2025-10-11 14:40:42,hazardous,0.9287
2025-10-11 14:40:42,recyclable,0.8213
2025-10-11 14:40:42,recyclable,0.9785
2025-10-11 14:40:42,recyclable,0.9100
2025-10-11 14:40:43,recyclable,0.9402
2025-10-11 14:40:43,recyclable,0.7943
2025-10-11 14:40:43,recyclable,0.9229
2025-10-11 14:40:43,recyclable,0.9884
2025-10-11 14:40:43,recyclable,0.7806
2025-10-11 14:40:43,recyclable,0.8604
2025-10-11 14:40:43,recyclable,0.8823
2025-10-11 14:40:44,recyclable,0.8421
2025-10-11 14:40:44,recyclable,0.9689
2025-10-11 14:40:44,recyclable,0.8213
2025-10-11 14:40:44,recyclable,0.7728
2025-10-11 14:40:44,recyclable,0.8275
2025-10-11 14:40:44,recyclable,0.9126
2025-10-11 14:40:45,recyclable,0.7190
2025-10-11 14:40:45,recyclable,0.8324
2025-10-11 14:40:45,hazardous,0.7285
2025-10-11 14:40:46,hazardous,0.7551
2025-10-11 14:40:47,recyclable,0.7220
2025-10-11 14:40:47,recyclable,0.7629
2025-10-11 14:40:48,recyclable,0.8017
2025-10-11 14:40:48,recyclable,0.7395
2025-10-11 14:40:48,hazardous,0.8687
2025-10-11 14:40:49,hazardous,0.8727
2025-10-11 14:40:49,recyclable,0.9965
2025-10-11 14:40:49,recyclable,0.7287
2025-10-11 14:40:50,recyclable,0.9018
2025-10-11 14:40:50,recyclable,0.9633
2025-10-11 14:40:50,recyclable,0.9376
2025-10-11 14:40:50,hazardous,0.7873
2025-10-11 14:40:51,recyclable,0.9546
2025-10-11 14:40:51,recyclable,0.9243
2025-10-11 14:40:51,recyclable,0.7643
2025-10-11 14:40:51,recyclable,0.8126
2025-10-11 14:40:51,recyclable,0.7256
2025-10-11 14:40:52,recyclable,0.7334
2025-10-11 14:40:52,hazardous,0.7413
2025-10-11 14:40:52,hazardous,0.9078
2025-10-11 14:40:53,hazardous,0.7002
2025-10-11 14:40:53,hazardous,0.8595
2025-10-11 14:40:53,hazardous,0.8105
2025-10-11 14:40:53,hazardous,0.7314
2025-10-11 14:40:53,hazardous,0.8204
2025-10-11 14:40:54,hazardous,0.8298
2025-10-11 14:40:54,hazardous,0.8548
2025-10-11 14:40:54,hazardous,0.9202
2025-10-11 14:40:55,recyclable,0.7252
2025-10-11 14:40:55,hazardous,0.7154
2025-10-11 14:40:55,hazardous,0.9111
2025-10-11 14:40:55,hazardous,0.7899
2025-10-11 14:40:55,hazardous,0.9011
2025-10-11 14:40:55,hazardous,0.8744
2025-10-11 14:40:55,hazardous,0.9453
2025-10-11 14:40:55,hazardous,0.8653
2025-10-11 14:40:56,hazardous,0.9219
2025-10-11 14:40:56,hazardous,0.9001
2025-10-11 14:40:56,hazardous,0.8261
2025-10-11 14:40:56,hazardous,0.8913
2025-10-11 14:40:57,hazardous,0.7729
2025-10-11 14:40:57,hazardous,0.7055
2025-10-11 14:40:58,hazardous,0.8001
2025-10-11 14:40:58,hazardous,0.8106
2025-10-11 14:40:58,recyclable,0.8852
2025-10-11 14:40:58,recyclable,0.9497
2025-10-11 14:40:59,recyclable,0.9678
2025-10-11 14:40:59,recyclable,0.9466
2025-10-11 14:40:59,recyclable,0.9291
2025-10-11 14:40:59,recyclable,0.9330
2025-10-11 14:40:59,recyclable,0.8887
2025-10-11 14:40:59,recyclable,0.9374
2025-10-11 14:41:00,recyclable,0.8619
2025-10-11 14:41:00,recyclable,0.8372
2025-10-11 14:41:00,recyclable,0.9042
2025-10-11 14:41:00,recyclable,0.8990
2025-10-11 14:41:00,recyclable,0.9441
2025-10-11 14:41:00,recyclable,0.8044
2025-10-11 14:41:00,recyclable,0.7705
2025-10-11 14:41:01,hazardous,0.8584
2025-10-11 14:41:01,hazardous,0.7652
2025-10-11 14:41:01,hazardous,0.8997
2025-10-11 14:41:01,hazardous,0.9348
2025-10-11 14:41:01,hazardous,0.7187
2025-10-11 14:41:01,hazardous,0.7652
2025-10-11 14:41:02,hazardous,0.7032
2025-10-11 14:41:02,hazardous,0.8239
2025-10-11 14:41:02,hazardous,0.9010
2025-10-11 14:41:02,hazardous,0.8704
2025-10-11 14:41:02,hazardous,0.8333
2025-10-11 14:41:02,hazardous,0.7526
2025-10-11 14:41:03,hazardous,0.8948
2025-10-11 14:41:03,hazardous,0.9062
2025-10-11 14:41:03,hazardous,0.9300
2025-10-11 14:41:03,hazardous,0.9061
2025-10-11 14:41:03,hazardous,0.7908
2025-10-11 14:41:03,hazardous,0.8864
2025-10-11 14:41:03,hazardous,0.8340
2025-10-11 14:41:03,hazardous,0.8480
2025-10-11 14:41:04,hazardous,0.7718
2025-10-11 14:41:04,hazardous,0.8504
2025-10-11 14:41:04,hazardous,0.7991
2025-10-11 14:41:04,hazardous,0.7958
2025-10-11 14:41:04,hazardous,0.8398
2025-10-11 14:41:04,hazardous,0.7900
2025-10-11 14:41:05,hazardous,0.7510
2025-10-11 14:41:05,hazardous,0.9517
2025-10-11 14:41:06,hazardous,0.7881
2025-10-11 14:41:07,hazardous,0.7544
2025-10-11 14:41:07,hazardous,0.7250
2025-10-11 14:41:07,hazardous,0.7994
2025-10-11 14:41:07,hazardous,0.7499
2025-10-11 14:41:08,hazardous,0.8215
2025-10-11 14:41:08,hazardous,0.7580
2025-10-11 14:41:10,hazardous,0.7542
2025-10-11 14:41:10,hazardous,0.8021
2025-10-11 14:41:11,hazardous,0.7071
2025-10-11 14:41:11,hazardous,0.7055
2025-10-11 14:41:11,hazardous,0.8584
2025-10-11 14:41:11,hazardous,0.8572
2025-10-11 14:41:12,hazardous,0.7638
2025-10-11 14:41:12,hazardous,0.9183
2025-10-11 14:41:12,hazardous,0.9843
2025-10-11 14:41:12,hazardous,0.8675
2025-10-11 14:41:12,hazardous,0.8649
2025-10-11 14:41:12,hazardous,0.9016
2025-10-11 14:41:13,hazardous,0.8261
2025-10-11 14:41:13,hazardous,0.8090
2025-10-11 14:41:13,hazardous,0.7729
2025-10-11 14:41:13,hazardous,0.7395
2025-10-11 14:41:14,recyclable,0.7187
2025-10-11 14:41:14,recyclable,0.8031
2025-10-11 14:41:14,recyclable,0.7604
2025-10-11 14:41:15,hazardous,0.8006
2025-10-11 14:41:15,hazardous,0.7664
2025-10-11 14:41:15,recyclable,0.7005
2025-10-11 14:41:15,recyclable,0.7268
2025-10-11 14:41:15,recyclable,0.7390
2025-10-11 14:41:16,recyclable,0.7511
2025-10-11 14:41:16,recyclable,0.7618
2025-10-11 14:41:16,recyclable,0.7173
2025-10-11 14:41:16,recyclable,0.7573
2025-10-11 14:41:16,recyclable,0.7371
2025-10-11 14:41:18,recyclable,0.8833
2025-10-11 14:41:19,hazardous,0.7786
2025-10-11 14:41:19,hazardous,0.9080
2025-10-11 14:41:19,hazardous,0.8685
2025-10-11 14:41:19,hazardous,0.7548
2025-10-11 14:41:19,hazardous,0.9324
2025-10-11 14:41:20,hazardous,0.9218
2025-10-11 14:41:20,hazardous,0.9725
2025-10-11 14:41:20,hazardous,0.9716
2025-10-11 14:41:20,hazardous,0.7719
2025-10-11 14:41:20,hazardous,0.9029
2025-10-11 14:41:20,hazardous,0.8379
2025-10-11 14:41:20,hazardous,0.9272
2025-10-11 14:41:21,hazardous,0.8809
2025-10-11 14:41:21,hazardous,0.7363
2025-10-11 14:41:21,hazardous,0.7602
2025-10-11 14:41:21,hazardous,0.7635
2025-10-11 14:41:21,hazardous,0.7684
2025-10-11 14:41:22,hazardous,0.8642
2025-10-11 14:41:22,hazardous,0.8861
2025-10-11 14:41:22,hazardous,0.8001
2025-10-11 14:41:22,hazardous,0.8661
2025-10-11 14:41:22,hazardous,0.8072
2025-10-11 14:41:22,hazardous,0.8272
2025-10-11 14:41:22,hazardous,0.8468
2025-10-11 14:41:23,hazardous,0.8707
2025-10-11 14:41:23,hazardous,0.7394
2025-10-11 14:41:23,hazardous,0.7717
2025-10-11 14:41:24,hazardous,0.9149
2025-10-11 14:41:24,hazardous,0.9926
2025-10-11 14:41:24,hazardous,0.9780
2025-10-11 14:41:24,hazardous,0.9455
2025-10-11 14:41:24,hazardous,0.9853
2025-10-11 14:41:24,hazardous,0.9392
2025-10-11 14:41:24,hazardous,0.8945
2025-10-11 14:41:25,hazardous,0.8961
2025-10-11 14:41:25,hazardous,0.9507
2025-10-11 14:41:25,hazardous,0.9026
2025-10-11 14:41:25,hazardous,0.9018
2025-10-11 14:41:25,hazardous,0.8910
2025-10-11 14:41:25,hazardous,0.9502
2025-10-11 14:41:25,hazardous,0.9610
2025-10-11 14:41:26,hazardous,0.8167
2025-10-11 14:41:26,hazardous,0.9617
2025-10-11 14:41:26,hazardous,0.9758
2025-10-11 14:41:26,hazardous,0.9561
2025-10-11 14:41:26,hazardous,0.9499
2025-10-11 14:41:26,hazardous,0.9362
2025-10-11 14:41:26,hazardous,0.9065
2025-10-11 14:41:27,hazardous,0.8881
2025-10-11 14:41:27,hazardous,0.9243
2025-10-11 14:41:27,hazardous,0.8594
2025-10-11 14:41:27,hazardous,0.9062
2025-10-11 14:41:27,hazardous,0.8902
2025-10-11 14:41:27,hazardous,0.9455
2025-10-11 14:41:27,hazardous,0.9200
2025-10-11 14:41:28,hazardous,0.9449
2025-10-11 14:41:28,hazardous,0.9241
2025-10-11 14:41:28,hazardous,0.8682
2025-10-11 14:41:28,hazardous,0.9098
2025-10-11 14:41:28,hazardous,0.9158
2025-10-11 14:41:28,hazardous,0.8676
2025-10-11 14:41:29,hazardous,0.9420
2025-10-11 14:41:29,hazardous,0.9307
2025-10-11 14:41:29,hazardous,0.8953
2025-10-11 14:41:29,hazardous,0.9158
2025-10-11 14:41:29,hazardous,0.8789
2025-10-11 14:41:29,hazardous,0.8102
2025-10-11 14:41:29,hazardous,0.7703
2025-10-11 14:41:30,hazardous,0.7640
2025-10-11 14:41:30,hazardous,0.9678
2025-10-11 14:41:30,hazardous,0.9143
2025-10-11 14:41:30,hazardous,0.9401
2025-10-11 14:41:30,hazardous,0.7751
2025-10-11 14:41:31,hazardous,0.7030
2025-10-11 14:41:31,hazardous,0.9350
2025-10-11 14:41:31,hazardous,0.9199
2025-10-11 14:41:31,hazardous,0.9084
2025-10-11 14:41:31,hazardous,0.9240
2025-10-11 14:41:31,hazardous,0.9391
2025-10-11 14:41:32,hazardous,0.9478
2025-10-11 14:41:32,hazardous,0.9634
2025-10-11 14:41:32,hazardous,0.9247
2025-10-11 14:41:32,hazardous,0.9139
2025-10-11 14:41:32,hazardous,0.9285
2025-10-11 14:41:32,hazardous,0.8103
2025-10-11 14:41:32,hazardous,0.8912
2025-10-11 14:41:32,hazardous,0.7580
2025-10-11 14:41:33,hazardous,0.9022
2025-10-11 14:41:33,hazardous,0.8843
2025-10-11 14:41:33,hazardous,0.8226
2025-10-11 14:41:33,hazardous,0.8373
2025-10-11 14:41:33,hazardous,0.8316
2025-10-11 14:41:33,recyclable,0.7383
2025-10-11 14:41:34,recyclable,0.8535
2025-10-11 14:41:34,hazardous,0.8338
2025-10-11 14:41:34,hazardous,0.9145
2025-10-11 14:41:34,hazardous,0.9664
2025-10-11 14:41:34,hazardous,0.9198
2025-10-11 14:41:34,hazardous,0.9361
2025-10-11 14:41:34,hazardous,0.8670
2025-10-11 14:41:34,hazardous,0.8563
2025-10-11 14:41:35,hazardous,0.8519
2025-10-11 14:41:35,hazardous,0.8200
2025-10-11 14:41:35,hazardous,0.7959
2025-10-11 14:41:35,hazardous,0.8274
2025-10-11 14:41:35,hazardous,0.7840
2025-10-11 14:41:35,hazardous,0.8941
2025-10-11 14:41:36,hazardous,0.8526
2025-10-11 14:41:36,hazardous,0.8504
2025-10-11 14:41:36,hazardous,0.8171
2025-10-11 14:41:36,hazardous,0.7822
2025-10-11 14:41:36,hazardous,0.7948
2025-10-11 14:41:36,hazardous,0.8575
2025-10-11 14:41:37,hazardous,0.8246
2025-10-11 14:41:37,hazardous,0.8219
2025-10-11 14:41:37,hazardous,0.7497
2025-10-11 14:41:37,hazardous,0.8268
2025-10-11 14:41:37,hazardous,0.8110
2025-10-11 14:41:37,hazardous,0.8397
2025-10-11 14:41:37,hazardous,0.8344
2025-10-11 14:41:38,hazardous,0.8842
2025-10-11 14:41:38,hazardous,0.8270
2025-10-11 14:41:38,hazardous,0.8865
2025-10-11 14:41:38,hazardous,0.8703
2025-10-11 14:41:38,hazardous,0.8902
2025-10-11 14:41:38,hazardous,0.8386
2025-10-11 14:41:38,hazardous,0.8917
2025-10-11 14:41:38,hazardous,0.8363
2025-10-11 14:41:39,hazardous,0.8477
2025-10-11 14:41:39,hazardous,0.9009
2025-10-11 14:41:39,hazardous,0.9129
2025-10-11 14:41:39,hazardous,0.9233
2025-10-11 14:41:39,hazardous,0.9056
2025-10-11 14:41:39,hazardous,0.9585
2025-10-11 14:41:39,hazardous,0.9228
2025-10-11 14:41:40,hazardous,0.9649
2025-10-11 14:41:40,hazardous,0.9021
2025-10-11 14:41:40,hazardous,0.8783
2025-10-11 14:41:40,hazardous,0.8358
2025-10-11 14:41:40,hazardous,0.9002
2025-10-11 14:41:40,hazardous,0.8961
2025-10-11 14:41:40,hazardous,0.8796
2025-10-11 14:41:41,hazardous,0.8543
2025-10-11 14:41:41,hazardous,0.8240
2025-10-11 14:41:41,hazardous,0.8654
2025-10-11 14:41:41,hazardous,0.9030
2025-10-11 14:41:41,hazardous,0.8884
2025-10-11 14:41:42,hazardous,0.9586
2025-10-11 14:41:42,hazardous,0.9575
2025-10-11 14:41:42,hazardous,0.9686
2025-10-11 14:41:42,hazardous,0.9779
2025-10-11 14:41:42,hazardous,0.9683
2025-10-11 14:41:42,hazardous,0.9690
2025-10-11 14:41:42,hazardous,0.9632
2025-10-11 14:41:43,hazardous,0.9518
2025-10-11 14:41:43,hazardous,0.9374
2025-10-11 14:41:43,hazardous,0.9312
2025-10-11 14:41:43,hazardous,0.7381
2025-10-11 14:41:43,recyclable,0.8206
2025-10-11 14:41:43,recyclable,0.7903
2025-10-11 14:41:43,recyclable,0.8675
2025-10-11 14:41:44,recyclable,0.9360
2025-10-11 14:41:44,recyclable,0.9652
2025-10-11 14:41:44,recyclable,0.9285
2025-10-11 14:41:44,recyclable,0.8977
2025-10-11 14:41:44,hazardous,0.7879
2025-10-11 14:41:45,hazardous,0.7799
2025-10-11 14:41:46,recyclable,0.8153
2025-10-11 14:41:46,recyclable,0.8502
2025-10-11 14:41:48,hazardous,0.7958
2025-10-11 14:41:48,hazardous,0.8821
2025-10-11 14:41:48,hazardous,0.8100
2025-10-11 14:41:48,hazardous,0.8311
2025-10-11 14:41:49,hazardous,0.7505
2025-10-11 14:41:49,hazardous,0.9079
2025-10-11 14:41:49,hazardous,0.9051
2025-10-11 14:41:49,hazardous,0.7616
2025-10-11 14:41:49,hazardous,0.9651
2025-10-11 14:41:50,recyclable,0.8253
2025-10-11 14:41:50,recyclable,0.8489
2025-10-11 14:41:50,recyclable,0.8496
2025-10-11 14:41:51,recyclable,0.7613
2025-10-11 14:41:51,recyclable,0.7941
2025-10-11 14:41:51,recyclable,0.7206
2025-10-11 14:41:51,recyclable,0.7333
2025-10-11 14:41:51,recyclable,0.7032
2025-10-11 14:41:51,recyclable,0.7635
2025-10-11 14:41:52,recyclable,0.8263
2025-10-11 14:41:52,recyclable,0.9400
2025-10-11 14:41:52,recyclable,0.9421
2025-10-11 14:41:52,recyclable,0.9555
2025-10-11 14:41:52,recyclable,0.9592
2025-10-11 14:41:52,recyclable,0.9374
2025-10-11 14:41:53,recyclable,0.9734
2025-10-11 14:41:53,recyclable,0.9673
2025-10-11 14:41:53,recyclable,0.9843
2025-10-11 14:41:53,recyclable,0.9886
2025-10-11 14:41:53,recyclable,0.9903
2025-10-11 14:41:53,recyclable,0.9714
2025-10-11 14:41:53,recyclable,0.9554
2025-10-11 14:41:54,recyclable,0.9627
2025-10-11 14:41:54,recyclable,0.9757
2025-10-11 14:41:54,recyclable,0.9768
2025-10-11 14:41:54,recyclable,0.9811
2025-10-11 14:41:54,recyclable,0.7781
2025-10-11 14:41:54,hazardous,0.7212
2025-10-11 14:41:54,hazardous,0.7342
2025-10-11 14:41:54,hazardous,0.7582
2025-10-11 14:41:55,recyclable,0.9163
2025-10-11 14:41:55,recyclable,0.8714
2025-10-11 14:41:55,recyclable,0.9099
2025-10-11 14:41:56,recyclable,0.9493
2025-10-11 14:41:56,recyclable,0.9397
2025-10-11 14:41:56,recyclable,0.8079
2025-10-11 14:41:56,recyclable,0.8589
2025-10-11 14:41:56,recyclable,0.9100
2025-10-11 14:41:56,recyclable,0.8204
2025-10-11 14:41:56,recyclable,0.7723
2025-10-11 14:41:56,recyclable,0.7567
2025-10-11 14:41:57,recyclable,0.9158
2025-10-11 14:41:57,recyclable,0.7938
2025-10-11 14:41:57,recyclable,0.8496
2025-10-11 14:41:57,recyclable,0.9405
2025-10-11 14:41:57,recyclable,0.8281
2025-10-11 14:41:57,recyclable,0.7503
2025-10-11 14:41:57,recyclable,0.8357
2025-10-11 14:41:58,hazardous,0.7498
2025-10-11 14:41:58,hazardous,0.7894
2025-10-11 14:41:59,hazardous,0.8594
2025-10-11 14:41:59,hazardous,0.9922
2025-10-11 14:41:59,hazardous,0.8742
2025-10-11 14:41:59,hazardous,0.9425
2025-10-11 14:41:59,hazardous,0.7696
2025-10-11 14:41:59,hazardous,0.8721
2025-10-11 14:41:59,hazardous,0.9328
2025-10-11 14:41:59,hazardous,0.9370
2025-10-11 14:42:00,hazardous,0.9403
2025-10-11 14:42:00,hazardous,0.9276
2025-10-11 14:42:00,hazardous,0.8414
2025-10-11 14:42:00,hazardous,0.9808
2025-10-11 14:42:00,hazardous,0.9967
2025-10-11 14:42:00,hazardous,0.9920
2025-10-11 14:42:01,hazardous,0.8429
2025-10-11 14:42:01,recyclable,0.8287
2025-10-11 14:42:01,hazardous,0.9067
2025-10-11 14:42:02,hazardous,0.8428
2025-10-11 14:42:02,hazardous,0.8392
2025-10-11 14:42:02,hazardous,0.8811
2025-10-11 14:42:02,hazardous,0.7109
2025-10-11 14:42:03,hazardous,0.8740
2025-10-11 14:42:03,hazardous,0.8358
2025-10-11 14:42:03,hazardous,0.8831
2025-10-11 14:42:03,hazardous,0.8138
2025-10-11 14:42:03,hazardous,0.9235
2025-10-11 14:42:03,hazardous,0.7255
2025-10-11 14:42:04,hazardous,0.8262
2025-10-11 14:42:04,recyclable,0.8229
2025-10-11 14:42:05,recyclable,0.8179
2025-10-11 14:42:05,recyclable,0.8414
2025-10-11 14:42:05,recyclable,0.8087
2025-10-11 14:42:05,recyclable,0.7168
2025-10-11 14:42:05,hazardous,0.7471
2025-10-11 14:42:06,hazardous,0.7219
2025-10-11 14:42:06,hazardous,0.7104
2025-10-11 14:43:30,hazardous,0.7619
2025-10-11 14:43:31,hazardous,0.9590
2025-10-11 14:43:31,hazardous,0.9405
2025-10-11 14:43:32,recyclable,0.7354
2025-10-11 14:43:32,hazardous,0.8804
2025-10-11 14:43:32,recyclable,0.9247
2025-10-11 14:43:32,recyclable,0.7740
2025-10-11 14:43:32,recyclable,0.8192
2025-10-11 14:43:32,recyclable,0.9370
2025-10-11 14:43:33,recyclable,0.9321
2025-10-11 14:43:33,recyclable,0.9269
2025-10-11 14:43:33,recyclable,0.8313
2025-10-11 14:43:33,recyclable,0.9708
2025-10-11 14:43:33,recyclable,0.8487
2025-10-11 14:43:33,recyclable,0.9203
2025-10-11 14:43:34,recyclable,0.8378
2025-10-11 14:43:34,recyclable,0.7390
2025-10-11 14:43:34,recyclable,0.9094
2025-10-11 14:43:34,recyclable,0.8853
2025-10-11 14:43:34,recyclable,0.9729
2025-10-11 14:43:34,recyclable,0.9441
2025-10-11 14:43:34,recyclable,0.9702
2025-10-11 14:43:34,recyclable,0.9733
2025-10-11 14:43:35,recyclable,0.9261
2025-10-11 14:43:35,recyclable,0.8541
2025-10-11 14:43:35,recyclable,0.8425
2025-10-11 14:43:35,recyclable,0.9246
2025-10-11 14:43:35,recyclable,0.8820
2025-10-11 14:43:35,recyclable,0.9392
2025-10-11 14:43:35,recyclable,0.8666
2025-10-11 14:43:36,recyclable,0.8339
2025-10-11 14:43:36,recyclable,0.7113
2025-10-11 14:43:36,recyclable,0.9230
2025-10-11 14:43:37,recyclable,0.7506
2025-10-11 14:43:37,recyclable,0.9249
2025-10-11 14:43:37,recyclable,0.9945
2025-10-11 14:43:37,recyclable,0.9788
2025-10-11 14:43:37,recyclable,0.9866
2025-10-11 14:43:37,recyclable,0.9832
2025-10-11 14:43:38,recyclable,0.9819
2025-10-11 14:43:38,recyclable,0.9864
2025-10-11 14:43:38,recyclable,0.9732
2025-10-11 14:43:38,recyclable,0.9733
2025-10-11 14:43:38,recyclable,0.9214
2025-10-11 14:43:38,recyclable,0.9232
2025-10-11 14:43:38,recyclable,0.8917
2025-10-11 14:43:39,recyclable,0.9293
2025-10-11 14:43:39,recyclable,0.9250
2025-10-11 14:43:39,recyclable,0.9036
2025-10-11 14:43:39,recyclable,0.9262
2025-10-11 14:43:39,recyclable,0.8860
2025-10-11 14:43:39,recyclable,0.7999
2025-10-11 14:43:39,recyclable,0.8994
2025-10-11 14:43:40,recyclable,0.8614
2025-10-11 14:43:40,recyclable,0.7766
2025-10-11 14:43:40,recyclable,0.9436
2025-10-11 14:43:40,recyclable,0.9092
2025-10-11 14:43:40,recyclable,0.7316
2025-10-11 14:43:40,recyclable,0.8820
2025-10-11 14:43:40,hazardous,0.9447
2025-10-11 14:43:41,hazardous,0.9652
2025-10-11 14:43:41,hazardous,0.9521
2025-10-11 14:43:41,hazardous,0.9432
2025-10-11 14:43:41,hazardous,0.8576
2025-10-11 14:43:41,hazardous,0.9102
2025-10-11 14:43:41,hazardous,0.9500
2025-10-11 14:43:41,hazardous,0.8457
2025-10-11 14:43:41,hazardous,0.9322
2025-10-11 14:43:42,hazardous,0.9457
2025-10-11 14:43:42,hazardous,0.8805
2025-10-11 14:43:42,hazardous,0.9769
2025-10-11 14:43:42,hazardous,0.9433
2025-10-11 14:43:42,hazardous,0.9506
2025-10-11 14:43:42,hazardous,0.9581
2025-10-11 14:43:42,hazardous,0.8982
2025-10-11 14:43:42,recyclable,0.8136
2025-10-11 14:43:43,recyclable,0.9572
2025-10-11 14:43:43,recyclable,0.9482
2025-10-11 14:43:43,recyclable,0.9845
2025-10-11 14:43:43,recyclable,0.9627
2025-10-11 14:43:43,recyclable,0.9406
2025-10-11 14:43:43,recyclable,0.9795
2025-10-11 14:43:43,recyclable,0.9842
2025-10-11 14:43:43,recyclable,0.9813
2025-10-11 14:43:44,recyclable,0.9862
2025-10-11 14:43:44,recyclable,0.9874
2025-10-11 14:43:44,recyclable,0.9775
2025-10-11 14:43:44,recyclable,0.9754
2025-10-11 14:43:44,recyclable,0.9449
2025-10-11 14:43:44,recyclable,0.9048
2025-10-11 14:43:44,recyclable,0.9737
2025-10-11 14:43:44,recyclable,0.9131
2025-10-11 14:43:45,recyclable,0.9469
2025-10-11 14:43:45,recyclable,0.9487
2025-10-11 14:43:45,recyclable,0.8651
2025-10-11 14:43:45,recyclable,0.9545
2025-10-11 14:43:45,recyclable,0.8970
2025-10-11 14:43:45,recyclable,0.8080
2025-10-11 14:43:45,recyclable,0.9638
2025-10-11 14:43:46,recyclable,0.9795
2025-10-11 14:43:46,recyclable,0.9452
2025-10-11 14:43:46,recyclable,0.9091
2025-10-11 14:43:46,recyclable,0.9656
2025-10-11 14:43:46,recyclable,0.9835
2025-10-11 14:43:46,recyclable,0.9770
2025-10-11 14:43:46,recyclable,0.9636
2025-10-11 14:43:47,recyclable,0.7229
2025-10-11 14:43:47,hazardous,0.7992
2025-10-11 14:43:47,recyclable,0.9226
2025-10-11 14:43:47,hazardous,0.9831
2025-10-11 14:43:47,hazardous,0.9103
2025-10-11 14:43:47,hazardous,0.9103
2025-10-11 14:43:47,hazardous,0.9154
2025-10-11 14:43:48,hazardous,0.9638
2025-10-11 14:43:48,hazardous,0.9688
2025-10-11 14:43:48,hazardous,0.9568
2025-10-11 14:43:48,hazardous,0.9388
2025-10-11 14:43:48,hazardous,0.9306
2025-10-11 14:43:48,hazardous,0.9438
2025-10-11 14:43:48,hazardous,0.8892
2025-10-11 14:43:48,hazardous,0.9261
2025-10-11 14:43:48,hazardous,0.9566
2025-10-11 14:43:49,hazardous,0.9560
2025-10-11 14:43:49,hazardous,0.9565
2025-10-11 14:43:49,hazardous,0.9848
2025-10-11 14:43:49,hazardous,0.9280
2025-10-11 14:43:49,hazardous,0.9300
2025-10-11 14:43:49,hazardous,0.8989
2025-10-11 14:43:49,hazardous,0.9086
2025-10-11 14:43:49,hazardous,0.9039
2025-10-11 14:43:50,hazardous,0.8893
2025-10-11 14:43:50,hazardous,0.9253
2025-10-11 14:43:50,hazardous,0.9468
2025-10-11 14:43:50,hazardous,0.9497
2025-10-11 14:43:50,hazardous,0.7794
2025-10-11 14:43:50,hazardous,0.9000
2025-10-11 14:43:51,hazardous,0.8530
2025-10-11 14:43:51,hazardous,0.7047
2025-10-11 14:43:51,hazardous,0.9223
2025-10-11 14:43:51,hazardous,0.7938
2025-10-11 14:43:51,hazardous,0.7112
2025-10-11 14:43:51,hazardous,0.7529
2025-10-11 14:43:51,hazardous,0.7667
2025-10-11 14:43:52,hazardous,0.9275
2025-10-11 14:43:52,hazardous,0.7424
2025-10-11 14:43:52,hazardous,0.9190
2025-10-11 14:43:52,hazardous,0.8635
2025-10-11 14:43:52,hazardous,0.8895
2025-10-11 14:43:52,hazardous,0.7301
2025-10-11 14:43:52,hazardous,0.9236
2025-10-11 14:43:52,hazardous,0.9781
2025-10-11 14:43:53,hazardous,0.9508
2025-10-11 14:43:53,hazardous,0.9352
2025-10-11 14:43:53,hazardous,0.9772
2025-10-11 14:43:53,hazardous,0.9549
2025-10-11 14:43:53,hazardous,0.9521
2025-10-11 14:43:53,hazardous,0.8198
2025-10-11 14:43:54,hazardous,0.7935
2025-10-11 14:43:54,hazardous,0.7942
2025-10-11 14:43:54,hazardous,0.8258
2025-10-11 14:43:54,hazardous,0.9174
2025-10-11 14:43:54,hazardous,0.9737
2025-10-11 14:43:54,hazardous,0.9485
2025-10-11 14:43:54,hazardous,0.9477
2025-10-11 14:43:54,hazardous,0.9738
2025-10-11 14:43:55,hazardous,0.9645
2025-10-11 14:43:55,hazardous,0.9810
2025-10-11 14:43:55,hazardous,0.9895
2025-10-11 14:43:55,hazardous,0.9631
2025-10-11 14:43:55,hazardous,0.9788
2025-10-11 14:43:55,hazardous,0.9871
2025-10-11 14:43:55,hazardous,0.9947
2025-10-11 14:43:55,hazardous,0.9066
2025-10-11 14:43:55,hazardous,0.9297
2025-10-11 14:43:56,hazardous,0.8092
2025-10-11 14:43:56,hazardous,0.8056
2025-10-11 14:43:56,hazardous,0.7362
2025-10-11 14:43:57,hazardous,0.7151
2025-10-11 14:43:57,hazardous,0.8226
2025-10-11 14:43:57,recyclable,0.7986
2025-10-11 14:43:58,hazardous,0.8861
2025-10-11 14:43:58,hazardous,0.8469
2025-10-11 14:43:58,hazardous,0.8955
2025-10-11 14:43:58,hazardous,0.8594
2025-10-11 14:43:59,hazardous,0.9243
2025-10-11 14:43:59,hazardous,0.8993
2025-10-11 14:43:59,hazardous,0.8757
2025-10-11 14:43:59,hazardous,0.9239
2025-10-11 14:43:59,hazardous,0.8768
2025-10-11 14:43:59,hazardous,0.8579
2025-10-11 14:43:59,hazardous,0.9091
2025-10-11 14:43:59,hazardous,0.8880
2025-10-11 14:44:00,hazardous,0.9444
2025-10-11 14:44:00,hazardous,0.7805
2025-10-11 14:44:00,recyclable,0.7438
2025-10-11 14:44:00,hazardous,0.8025
2025-10-11 14:44:01,hazardous,0.8925
2025-10-11 14:44:01,hazardous,0.8687
2025-10-11 14:44:01,hazardous,0.7522
2025-10-11 14:44:01,recyclable,0.9290
2025-10-11 14:44:01,recyclable,0.8864
2025-10-11 14:44:01,hazardous,0.7944
2025-10-11 14:44:01,recyclable,0.8568
2025-10-11 14:44:02,recyclable,0.7305
2025-10-11 14:44:02,recyclable,0.7516
2025-10-11 14:44:02,recyclable,0.7346
2025-10-11 14:44:02,recyclable,0.8469
2025-10-11 14:44:02,recyclable,0.7871
2025-10-11 14:44:02,recyclable,0.7762
2025-10-11 14:44:02,recyclable,0.8492
2025-10-11 14:44:02,recyclable,0.8116
2025-10-11 14:44:03,recyclable,0.8170
2025-10-11 14:44:03,recyclable,0.7070
2025-10-11 14:44:03,recyclable,0.8059
2025-10-11 14:44:03,recyclable,0.7300
2025-10-11 14:44:04,hazardous,0.7479
2025-10-11 14:44:04,hazardous,0.7451
2025-10-11 14:44:05,recyclable,0.8240
2025-10-11 14:44:05,hazardous,0.8631
2025-10-11 14:44:05,hazardous,0.8874
2025-10-11 14:44:05,hazardous,0.8729
2025-10-11 14:44:05,hazardous,0.8893
2025-10-11 14:44:05,hazardous,0.7732
2025-10-11 14:44:06,hazardous,0.7748
2025-10-11 14:44:06,hazardous,0.8781
2025-10-11 14:44:07,hazardous,0.8603
2025-10-11 14:44:07,hazardous,0.9307
2025-10-11 14:44:07,hazardous,0.9105
2025-10-11 14:44:07,hazardous,0.9457
2025-10-11 14:44:07,hazardous,0.9250
2025-10-11 14:44:07,hazardous,0.7939
2025-10-11 14:44:07,hazardous,0.7965
2025-10-11 14:44:08,hazardous,0.8195
2025-10-11 14:44:08,hazardous,0.8164
2025-10-11 14:44:08,hazardous,0.8611
2025-10-11 14:44:08,hazardous,0.8525
2025-10-11 14:44:08,hazardous,0.8212
2025-10-11 14:44:08,hazardous,0.8115
2025-10-11 14:44:08,hazardous,0.8005
2025-10-11 14:44:09,hazardous,0.8711
2025-10-11 14:44:09,hazardous,0.8571
2025-10-11 14:44:09,hazardous,0.8817
2025-10-11 14:44:09,hazardous,0.7709
2025-10-11 14:44:09,hazardous,0.8112
2025-10-11 14:44:09,hazardous,0.8955
2025-10-11 14:44:09,hazardous,0.8384
2025-10-11 14:44:09,hazardous,0.8590
2025-10-11 14:44:10,hazardous,0.9195
2025-10-11 14:44:10,hazardous,0.9237
2025-10-11 14:44:10,hazardous,0.9116
2025-10-11 14:44:10,hazardous,0.9661
2025-10-11 14:44:10,hazardous,0.9683
2025-10-11 14:44:10,hazardous,0.9483
2025-10-11 14:44:11,hazardous,0.9458
2025-10-11 14:44:11,hazardous,0.9319
2025-10-11 14:44:11,hazardous,0.9632
2025-10-11 14:44:11,hazardous,0.9260
2025-10-11 14:44:11,hazardous,0.8792
2025-10-11 14:44:11,hazardous,0.9486
2025-10-11 14:44:11,hazardous,0.9462
2025-10-11 14:44:12,hazardous,0.9734
2025-10-11 14:44:12,hazardous,0.9446
2025-10-11 14:44:12,hazardous,0.9096
2025-10-11 14:44:12,hazardous,0.9455
2025-10-11 14:44:12,hazardous,0.9647
2025-10-11 14:44:12,hazardous,0.9772
2025-10-11 14:44:12,hazardous,0.9659
2025-10-11 14:44:12,hazardous,0.9582
2025-10-11 14:44:12,hazardous,0.9411
2025-10-11 14:44:13,hazardous,0.8660
2025-10-11 14:44:13,hazardous,0.9064
2025-10-11 14:44:13,hazardous,0.8781
2025-10-11 14:44:13,hazardous,0.8600
2025-10-11 14:44:13,hazardous,0.8790
2025-10-11 14:44:13,hazardous,0.7222
2025-10-11 14:44:14,hazardous,0.7526
2025-10-11 14:44:14,hazardous,0.7578
2025-10-11 14:44:14,hazardous,0.7970
2025-10-11 14:44:14,hazardous,0.8255
2025-10-11 14:44:14,hazardous,0.7890
2025-10-11 14:44:14,hazardous,0.7150
2025-10-11 14:44:14,hazardous,0.7601
2025-10-11 14:44:15,hazardous,0.8952
2025-10-11 14:44:15,hazardous,0.8588
2025-10-11 14:44:15,hazardous,0.8909
2025-10-11 14:44:15,hazardous,0.8363
2025-10-11 14:44:15,hazardous,0.7707
2025-10-11 14:44:15,hazardous,0.8464
2025-10-11 14:44:15,hazardous,0.8955
2025-10-11 14:44:16,hazardous,0.9012
2025-10-11 14:44:16,hazardous,0.8783
2025-10-11 14:44:16,hazardous,0.8503
2025-10-11 14:44:16,hazardous,0.8924
2025-10-11 14:44:16,hazardous,0.8809
2025-10-11 14:44:16,hazardous,0.8961
2025-10-11 14:44:16,hazardous,0.7697
2025-10-11 14:44:16,hazardous,0.8555
2025-10-11 14:44:17,hazardous,0.7542
2025-10-11 14:44:17,hazardous,0.7248
2025-10-11 14:44:17,hazardous,0.7244
2025-10-11 14:44:18,hazardous,0.7501
2025-10-11 14:44:18,hazardous,0.7714
2025-10-11 14:44:18,hazardous,0.8848
2025-10-11 14:44:18,hazardous,0.7822
2025-10-11 14:44:18,hazardous,0.8768
2025-10-11 14:44:18,hazardous,0.9139
2025-10-11 14:44:18,hazardous,0.8743
2025-10-11 14:44:19,hazardous,0.8998
2025-10-11 14:44:19,hazardous,0.9031
2025-10-11 14:44:19,hazardous,0.9284
2025-10-11 14:44:19,hazardous,0.9379
2025-10-11 14:44:19,hazardous,0.9354
2025-10-11 14:44:19,hazardous,0.9531
2025-10-11 14:44:19,hazardous,0.9320
2025-10-11 14:44:20,hazardous,0.9462
2025-10-11 14:44:20,hazardous,0.9128
2025-10-11 14:44:20,hazardous,0.8469
2025-10-11 14:44:20,hazardous,0.8315
2025-10-11 14:44:20,hazardous,0.8822
2025-10-11 14:44:20,hazardous,0.8943
2025-10-11 14:44:20,hazardous,0.8209
2025-10-11 14:44:21,hazardous,0.8966
2025-10-11 14:44:21,hazardous,0.8756
2025-10-11 14:44:21,hazardous,0.8879
2025-10-11 14:44:21,hazardous,0.8724
2025-10-11 14:44:21,hazardous,0.9029
2025-10-11 14:44:21,hazardous,0.8953
2025-10-11 14:44:21,hazardous,0.9054
2025-10-11 14:44:21,hazardous,0.8351
2025-10-11 14:44:22,hazardous,0.9336
2025-10-11 14:44:22,recyclable,0.7968
2025-10-11 14:44:22,recyclable,0.8468
2025-10-11 14:44:22,hazardous,0.8931
2025-10-11 14:44:22,hazardous,0.9735
2025-10-11 14:44:22,hazardous,0.9832
2025-10-11 14:44:22,hazardous,0.9491
2025-10-11 14:44:22,hazardous,0.9923
2025-10-11 14:44:23,hazardous,0.8952
2025-10-11 14:44:23,recyclable,0.9508
2025-10-11 14:44:23,recyclable,0.9508
2025-10-11 14:44:23,recyclable,0.9508
2025-10-11 14:44:23,recyclable,0.9508
2025-10-11 14:44:23,recyclable,0.9508
2025-10-11 14:44:23,recyclable,0.9508
2025-10-11 14:44:23,recyclable,0.9509
2025-10-11 14:44:24,recyclable,0.9508
2025-10-11 14:44:24,recyclable,0.9506
2025-10-11 14:44:24,recyclable,0.9508
2025-10-11 14:44:24,recyclable,0.9526
2025-10-11 14:44:24,recyclable,0.9521
2025-10-11 14:44:24,recyclable,0.9516
2025-10-11 14:44:24,recyclable,0.9519
2025-10-11 14:44:24,recyclable,0.9515
2025-10-11 14:44:24,recyclable,0.9515
2025-10-11 14:44:25,recyclable,0.9519
2025-10-11 14:44:25,recyclable,0.9519
2025-10-11 14:44:25,recyclable,0.9515
2025-10-11 14:44:25,recyclable,0.9515
2025-10-11 14:44:25,recyclable,0.9516
2025-10-11 14:44:25,recyclable,0.9519
2025-10-11 14:44:25,recyclable,0.9517
2025-10-11 14:44:25,recyclable,0.9517
2025-10-11 14:44:25,recyclable,0.9515
2025-10-11 14:44:26,recyclable,0.9513
2025-10-11 14:44:26,recyclable,0.9516
2025-10-11 14:44:26,recyclable,0.9514
2025-10-11 14:44:26,recyclable,0.9512
2025-10-11 14:44:26,recyclable,0.9510
2025-10-11 14:44:26,recyclable,0.9514
2025-10-11 14:44:26,recyclable,0.9513
2025-10-11 14:44:26,recyclable,0.9514
2025-10-11 14:44:27,recyclable,0.9511
2025-10-11 14:44:27,recyclable,0.9512
2025-10-11 14:44:27,recyclable,0.9514
2025-10-11 14:44:27,recyclable,0.9542
2025-10-11 14:44:27,recyclable,0.9542
2025-10-11 14:44:27,recyclable,0.9537
2025-10-11 14:44:27,recyclable,0.9534
2025-10-11 14:44:28,recyclable,0.9530
2025-10-11 14:44:28,recyclable,0.9533
2025-10-11 14:44:28,recyclable,0.9530
2025-10-11 14:44:28,recyclable,0.9522
2025-10-11 14:44:28,recyclable,0.9524
2025-10-11 14:44:28,recyclable,0.9523
2025-10-11 14:44:28,recyclable,0.9522
2025-10-11 14:44:29,recyclable,0.9518
2025-10-11 14:44:29,recyclable,0.9527
2025-10-11 14:44:29,recyclable,0.9526
2025-10-11 14:44:29,recyclable,0.9516
2025-10-11 14:44:29,recyclable,0.9525
2025-10-11 14:44:29,recyclable,0.9522
2025-10-11 14:44:29,recyclable,0.9516
2025-10-11 14:44:30,recyclable,0.9508
2025-10-11 14:44:30,recyclable,0.9524
2025-10-11 14:44:30,recyclable,0.7446
2025-10-11 14:44:30,recyclable,0.8721
2025-10-11 14:44:30,recyclable,0.7312
2025-10-11 14:44:31,recyclable,0.8550
2025-10-11 14:44:31,recyclable,0.8389
2025-10-11 14:44:31,recyclable,0.7922
2025-10-11 14:44:31,recyclable,0.7934
2025-10-11 14:44:32,recyclable,0.7424
2025-10-11 14:44:32,hazardous,0.8887
2025-10-11 14:44:32,hazardous,0.9110
2025-10-11 14:44:32,hazardous,0.7645
2025-10-11 14:44:32,hazardous,0.8223
2025-10-11 14:44:32,hazardous,0.9666
2025-10-11 14:44:33,hazardous,0.8939
2025-10-11 14:44:33,hazardous,0.8698
2025-10-11 14:44:33,hazardous,0.8807
2025-10-11 14:44:33,hazardous,0.7756
2025-10-11 14:44:33,hazardous,0.7974
2025-10-11 14:44:33,hazardous,0.7402
2025-10-11 14:44:34,hazardous,0.7928
2025-10-11 14:44:34,hazardous,0.7822
2025-10-11 14:44:34,hazardous,0.7717
2025-10-11 14:44:34,hazardous,0.7523
2025-10-11 14:44:35,hazardous,0.7727
2025-10-11 14:44:35,hazardous,0.9286
2025-10-11 14:44:35,hazardous,0.8394
2025-10-11 14:44:35,hazardous,0.7936
2025-10-11 14:44:35,hazardous,0.8685
2025-10-11 14:44:36,hazardous,0.7298
2025-10-11 14:44:37,hazardous,0.7045
2025-10-11 14:44:37,hazardous,0.7057
2025-10-11 14:44:38,hazardous,0.7435
2025-10-11 14:44:38,hazardous,0.7074
2025-10-11 14:44:39,hazardous,0.7370
2025-10-11 14:44:40,hazardous,0.8152
2025-10-11 14:44:40,hazardous,0.9523
2025-10-11 14:44:40,hazardous,0.8396
2025-10-11 14:44:40,hazardous,0.8712
2025-10-11 14:44:40,hazardous,0.7944
2025-10-11 14:44:40,hazardous,0.7154
2025-10-11 14:44:41,hazardous,0.9568
2025-10-11 14:44:41,hazardous,0.8707
2025-10-11 14:44:41,hazardous,0.7998
2025-10-11 14:44:41,hazardous,0.9179
2025-10-11 14:44:42,hazardous,0.9004
2025-10-11 14:44:42,hazardous,0.9563
2025-10-11 14:44:42,hazardous,0.9741
2025-10-11 14:44:42,hazardous,0.9456
2025-10-11 14:44:42,hazardous,0.9438
2025-10-11 14:44:42,hazardous,0.9916
2025-10-11 14:44:42,hazardous,0.9275
2025-10-11 14:44:42,hazardous,0.9918
2025-10-11 14:44:42,hazardous,0.9436
2025-10-11 14:44:43,hazardous,0.9678
2025-10-11 14:44:43,hazardous,0.9593
2025-10-11 14:44:43,hazardous,0.9835
2025-10-11 14:44:43,hazardous,0.9639
2025-10-11 14:44:43,hazardous,0.9876
2025-10-11 14:44:43,hazardous,0.7762
2025-10-11 14:44:43,hazardous,0.9836
2025-10-11 14:44:44,hazardous,0.9446
2025-10-11 14:44:44,hazardous,0.7322
2025-10-11 14:44:44,hazardous,0.9825
2025-10-11 14:44:44,hazardous,0.9894
2025-10-11 14:44:44,hazardous,0.9565
2025-10-11 14:44:44,hazardous,0.8890
2025-10-11 14:44:44,hazardous,0.8935
2025-10-11 14:44:44,hazardous,0.9660
2025-10-11 14:44:45,hazardous,0.9796
2025-10-11 14:44:45,hazardous,0.9449
2025-10-11 14:44:45,hazardous,0.8241
2025-10-11 14:44:45,hazardous,0.7324
2025-10-11 14:44:46,hazardous,0.7387
2025-10-11 14:44:46,hazardous,0.7152
2025-10-11 14:44:46,recyclable,0.7447
2025-10-11 14:44:46,recyclable,0.7517
2025-10-11 14:44:47,recyclable,0.9524
2025-10-11 14:44:47,recyclable,0.9557
2025-10-11 14:44:47,recyclable,0.9529
2025-10-11 14:44:47,recyclable,0.9533
2025-10-11 14:44:47,recyclable,0.9522
2025-10-11 14:44:48,recyclable,0.9057
2025-10-11 14:44:48,recyclable,0.8849
2025-10-11 14:44:48,recyclable,0.8849
2025-10-11 14:44:48,recyclable,0.8916
2025-10-11 14:44:48,recyclable,0.8934
2025-10-11 14:44:48,recyclable,0.8961
2025-10-11 14:44:48,recyclable,0.8672
2025-10-11 14:44:48,recyclable,0.9194
2025-10-11 14:44:49,recyclable,0.8868
2025-10-11 14:44:49,recyclable,0.8989
2025-10-11 14:44:49,recyclable,0.8808
2025-10-11 14:44:49,recyclable,0.9165
2025-10-11 14:44:49,recyclable,0.9059
2025-10-11 14:44:49,recyclable,0.9060
2025-10-11 14:44:49,recyclable,0.9103
2025-10-11 14:44:50,recyclable,0.9146
2025-10-11 14:44:50,recyclable,0.8910
2025-10-11 14:44:50,recyclable,0.8823
2025-10-11 14:44:50,recyclable,0.8910
2025-10-11 14:44:50,recyclable,0.8854
2025-10-11 14:44:50,recyclable,0.8956
2025-10-11 14:44:50,recyclable,0.9256
2025-10-11 14:44:51,recyclable,0.9065
2025-10-11 14:44:51,recyclable,0.8997
2025-10-11 14:44:51,recyclable,0.9148
2025-10-11 14:44:51,recyclable,0.8412
2025-10-11 14:44:51,recyclable,0.8782
2025-10-11 14:44:51,recyclable,0.9046
2025-10-11 14:44:51,recyclable,0.8908
2025-10-11 14:44:51,recyclable,0.8902
2025-10-11 14:44:52,recyclable,0.9028
2025-10-11 14:44:52,recyclable,0.9028
2025-10-11 14:44:52,recyclable,0.8735
2025-10-11 14:44:52,recyclable,0.9513
2025-10-11 14:44:52,recyclable,0.9003
2025-10-11 14:44:52,recyclable,0.8540
2025-10-11 14:44:52,recyclable,0.8965
2025-10-11 14:44:52,recyclable,0.9015
2025-10-11 14:44:53,recyclable,0.9076
2025-10-11 14:44:53,recyclable,0.9106
2025-10-11 14:44:53,recyclable,0.9050
2025-10-11 14:44:53,recyclable,0.9148
2025-10-11 14:44:53,recyclable,0.8979
2025-10-11 14:44:53,recyclable,0.8951
2025-10-11 14:44:54,recyclable,0.9038
2025-10-11 14:44:54,recyclable,0.9120
2025-10-11 14:44:54,recyclable,0.9089
2025-10-11 14:44:54,recyclable,0.9054
2025-10-11 14:44:54,recyclable,0.8983
2025-10-11 14:44:55,recyclable,0.8983
2025-10-11 14:44:55,recyclable,0.9035
2025-10-11 14:44:55,recyclable,0.9070
2025-10-11 14:44:55,recyclable,0.9033
2025-10-11 14:44:55,recyclable,0.9040
2025-10-11 14:44:55,recyclable,0.9207
2025-10-11 14:44:55,recyclable,0.9207
2025-10-11 14:44:56,recyclable,0.9030
2025-10-11 14:44:56,recyclable,0.8953
2025-10-11 14:44:56,recyclable,0.9018
2025-10-11 14:44:56,recyclable,0.9023
2025-10-11 14:44:56,recyclable,0.9120
2025-10-11 14:44:56,recyclable,0.9131
2025-10-11 14:44:56,recyclable,0.9162
2025-10-11 14:44:57,recyclable,0.9111
2025-10-11 14:44:57,recyclable,0.9080
2025-10-11 14:44:57,recyclable,0.9070
2025-10-11 14:44:57,recyclable,0.9074
2025-10-11 14:44:57,recyclable,0.9151
2025-10-11 14:44:57,recyclable,0.9139
2025-10-11 14:44:57,recyclable,0.9111
2025-10-11 14:44:58,recyclable,0.9064
2025-10-11 14:44:58,recyclable,0.9006
2025-10-11 14:44:58,recyclable,0.9070
2025-10-11 14:44:58,recyclable,0.9070
2025-10-11 14:44:58,recyclable,0.9084
2025-10-11 14:44:58,recyclable,0.9006
2025-10-11 14:44:59,recyclable,0.9115
2025-10-11 14:44:59,recyclable,0.9064
2025-10-11 14:44:59,recyclable,0.9043
2025-10-11 14:44:59,recyclable,0.9075
2025-10-11 14:44:59,recyclable,0.9058
2025-10-11 14:44:59,recyclable,0.9058
2025-10-11 14:44:59,recyclable,0.9138
2025-10-11 14:44:59,recyclable,0.9137
2025-10-11 14:45:00,recyclable,0.9048
2025-10-11 14:45:00,recyclable,0.9123
2025-10-11 14:45:00,recyclable,0.9041
2025-10-11 14:45:00,recyclable,0.9118
2025-10-11 14:45:00,recyclable,0.9006
2025-10-11 14:45:00,recyclable,0.9075
2025-10-11 14:45:00,recyclable,0.9119
2025-10-11 14:45:01,recyclable,0.9180
2025-10-11 14:45:01,recyclable,0.9262
2025-10-11 14:45:01,recyclable,0.9185
2025-10-11 14:45:01,recyclable,0.9220
2025-10-11 14:45:01,recyclable,0.9194
2025-10-11 14:45:01,recyclable,0.9190
2025-10-11 14:45:01,recyclable,0.9093
2025-10-11 14:45:02,recyclable,0.9093
2025-10-11 14:45:02,recyclable,0.9097
2025-10-11 14:45:02,recyclable,0.9144
2025-10-11 14:45:02,recyclable,0.9034
2025-10-11 14:45:02,recyclable,0.9104
2025-10-11 14:45:02,recyclable,0.9201
2025-10-11 14:45:02,recyclable,0.9204
2025-10-11 14:45:02,recyclable,0.8981
2025-10-11 14:45:03,recyclable,0.9141
2025-10-11 14:45:03,recyclable,0.9120
2025-10-11 14:45:03,recyclable,0.9077
2025-10-11 14:45:03,recyclable,0.9028
2025-10-11 14:45:03,recyclable,0.9041
2025-10-11 14:45:03,recyclable,0.9095
2025-10-11 14:45:03,recyclable,0.8961
2025-10-11 14:45:04,recyclable,0.9124
2025-10-11 14:45:04,recyclable,0.9050
2025-10-11 14:45:04,recyclable,0.9052
2025-10-11 14:45:04,recyclable,0.9062
2025-10-11 14:45:04,recyclable,0.9070
2025-10-11 14:45:04,recyclable,0.9146
2025-10-11 14:45:04,recyclable,0.9017
2025-10-11 14:45:04,recyclable,0.9045
2025-10-11 14:45:05,recyclable,0.9053
2025-10-11 14:45:05,recyclable,0.9083
2025-10-11 14:45:05,recyclable,0.9084
2025-10-11 14:45:05,recyclable,0.9052
2025-10-11 14:45:05,recyclable,0.9052
2025-10-11 14:45:05,recyclable,0.9088
2025-10-11 14:45:05,recyclable,0.9086
2025-10-11 14:45:05,recyclable,0.9105
2025-10-11 14:45:06,recyclable,0.9107
2025-10-11 14:45:06,recyclable,0.8993
2025-10-11 14:45:06,recyclable,0.9119
2025-10-11 14:45:06,recyclable,0.9054
2025-10-11 14:45:06,recyclable,0.9200
2025-10-11 14:45:06,recyclable,0.9033
2025-10-11 14:45:06,recyclable,0.9085
2025-10-11 14:45:06,recyclable,0.8975
2025-10-11 14:45:07,recyclable,0.8885
2025-10-11 14:45:07,recyclable,0.9056
2025-10-11 14:45:07,recyclable,0.9117
2025-10-11 14:45:07,recyclable,0.9107
2025-10-11 14:45:07,recyclable,0.9156
2025-10-11 14:45:07,recyclable,0.9112
2025-10-11 14:45:07,recyclable,0.9043
2025-10-11 14:45:07,recyclable,0.9130
2025-10-11 14:45:08,recyclable,0.9231
2025-10-11 14:45:08,recyclable,0.9270
2025-10-11 14:45:08,recyclable,0.9233
2025-10-11 14:45:08,recyclable,0.9258
2025-10-11 14:45:08,recyclable,0.9493
2025-10-11 14:45:09,recyclable,0.9733
2025-10-11 14:45:09,recyclable,0.9118
2025-10-11 14:45:09,recyclable,0.7223
2025-10-11 14:45:10,recyclable,0.9211
2025-10-11 14:45:10,recyclable,0.9875
2025-10-11 14:45:10,recyclable,0.9816
2025-10-11 14:45:10,recyclable,0.8953
2025-10-11 14:45:11,recyclable,0.9397
2025-10-11 14:45:11,recyclable,0.8863
2025-10-11 14:45:11,recyclable,0.9057
2025-10-11 14:45:11,recyclable,0.9596
2025-10-11 14:45:11,recyclable,0.9470
2025-10-11 14:45:11,recyclable,0.9319
2025-10-11 14:45:11,recyclable,0.9431
2025-10-11 14:45:11,recyclable,0.9777
2025-10-11 14:45:12,recyclable,0.9677
2025-10-11 14:45:12,recyclable,0.9391
2025-10-11 14:45:12,recyclable,0.8954
2025-10-11 14:45:12,recyclable,0.9492
2025-10-11 14:45:12,recyclable,0.8746
2025-10-11 14:45:12,hazardous,0.8534
2025-10-11 14:45:12,hazardous,0.8098
2025-10-11 14:45:13,hazardous,0.8185
2025-10-11 14:45:13,recyclable,0.8394
2025-10-11 14:45:14,recyclable,0.9221
2025-10-11 14:45:14,recyclable,0.9702
2025-10-11 14:45:14,recyclable,0.8282
2025-10-11 14:45:14,recyclable,0.9602
2025-10-11 14:45:14,recyclable,0.9619
2025-10-11 14:45:14,recyclable,0.9823
2025-10-11 14:45:15,recyclable,0.9635
2025-10-11 14:45:15,recyclable,0.8109
2025-10-11 14:45:15,hazardous,0.9393
2025-10-11 14:45:15,hazardous,0.7959
2025-10-11 14:45:15,hazardous,0.7480
2025-10-11 14:45:18,hazardous,0.7091
2025-10-11 14:45:18,hazardous,0.7076
2025-10-11 14:45:18,hazardous,0.7127
2025-10-11 14:45:24,hazardous,0.7320
2025-10-11 14:45:24,hazardous,0.7026
2025-10-11 14:45:25,hazardous,0.7913
2025-10-11 14:45:25,hazardous,0.7109
2025-10-11 14:45:27,hazardous,0.7623
2025-10-11 14:45:27,hazardous,0.7729
2025-10-11 14:45:28,hazardous,0.7237
2025-10-11 14:45:28,hazardous,0.7097
2025-10-11 14:45:28,hazardous,0.8246
2025-10-11 14:45:28,hazardous,0.7845
2025-10-11 14:45:28,hazardous,0.7802
2025-10-11 14:45:29,hazardous,0.7816
2025-10-11 14:45:29,hazardous,0.7429
2025-10-11 14:45:30,hazardous,0.7652
2025-10-11 14:45:30,hazardous,0.8078
2025-10-11 14:45:30,hazardous,0.7076
2025-10-11 14:45:32,hazardous,0.8465
2025-10-11 14:45:32,hazardous,0.9007
2025-10-11 14:45:32,hazardous,0.8396
2025-10-11 14:45:32,hazardous,0.9240
2025-10-11 14:45:33,hazardous,0.9328
2025-10-11 14:45:33,hazardous,0.9223
2025-10-11 14:45:33,hazardous,0.8935
2025-10-11 14:45:33,hazardous,0.9554
2025-10-11 14:45:33,hazardous,0.9789
2025-10-11 14:45:34,hazardous,0.9093
2025-10-11 14:45:34,hazardous,0.9695
2025-10-11 14:45:34,hazardous,0.9769
2025-10-11 14:45:34,recyclable,0.9508
2025-10-11 14:45:34,recyclable,0.9508
2025-10-11 14:45:34,recyclable,0.9508
2025-10-11 14:45:34,recyclable,0.9508
2025-10-11 14:45:35,recyclable,0.9508
2025-10-11 14:45:35,recyclable,0.9507
2025-10-11 14:45:35,recyclable,0.9508
2025-10-11 14:45:35,recyclable,0.9514
2025-10-11 14:45:35,recyclable,0.9519
2025-10-11 14:45:35,recyclable,0.9523
2025-10-11 14:45:35,recyclable,0.9531
2025-10-11 14:45:35,recyclable,0.9549
2025-10-11 14:45:36,recyclable,0.9556
2025-10-11 14:45:36,recyclable,0.9551
2025-10-11 14:45:36,recyclable,0.9549
2025-10-11 14:45:36,recyclable,0.9536
2025-10-11 14:45:37,recyclable,0.9537
2025-10-11 14:45:37,recyclable,0.9551
2025-10-11 14:45:37,recyclable,0.9546
2025-10-11 14:45:37,recyclable,0.9538
2025-10-11 14:45:37,recyclable,0.9540
2025-10-11 14:45:37,recyclable,0.9539
2025-10-11 14:45:37,recyclable,0.9535
2025-10-11 14:45:38,recyclable,0.9534
2025-10-11 14:45:38,recyclable,0.9539
2025-10-11 14:45:38,recyclable,0.9534
2025-10-11 14:45:38,recyclable,0.9538
2025-10-11 14:45:38,recyclable,0.9546
2025-10-11 14:45:38,recyclable,0.9551
2025-10-11 14:45:38,recyclable,0.9546
2025-10-11 14:45:38,recyclable,0.9534
2025-10-11 14:45:39,recyclable,0.9539
2025-10-11 14:45:39,recyclable,0.9541
2025-10-11 14:45:39,recyclable,0.9539
2025-10-11 14:45:39,recyclable,0.9539
2025-10-11 14:45:39,recyclable,0.9536
2025-10-11 14:45:39,recyclable,0.9536
2025-10-11 14:45:40,recyclable,0.9531
2025-10-11 14:45:40,recyclable,0.9534
2025-10-11 14:45:40,recyclable,0.9536
2025-10-11 14:45:40,recyclable,0.9540
2025-10-11 14:45:40,recyclable,0.9540
2025-10-11 14:45:40,recyclable,0.9533
2025-10-11 14:45:40,recyclable,0.9528
2025-10-11 14:45:40,recyclable,0.9538
2025-10-11 14:45:41,recyclable,0.9532
2025-10-11 14:45:41,recyclable,0.9529
2025-10-11 14:45:41,recyclable,0.9534
2025-10-11 14:45:41,recyclable,0.9534
2025-10-11 14:45:41,recyclable,0.9535
2025-10-11 14:45:41,recyclable,0.9533
2025-10-11 14:45:41,recyclable,0.9532
2025-10-11 14:45:42,recyclable,0.9525
2025-10-11 14:45:42,recyclable,0.9524
2025-10-11 14:45:42,recyclable,0.9528
2025-10-11 14:45:42,recyclable,0.9526
2025-10-11 14:45:42,recyclable,0.9532
2025-10-11 14:45:42,recyclable,0.9533
2025-10-11 14:45:42,recyclable,0.9526
2025-10-11 14:45:42,recyclable,0.9535
2025-10-11 14:45:43,recyclable,0.9528
2025-10-11 14:45:43,recyclable,0.9527
2025-10-11 14:45:43,recyclable,0.9534
2025-10-11 14:45:43,recyclable,0.9519
2025-10-11 14:45:43,recyclable,0.9524
2025-10-11 14:45:43,recyclable,0.9533
2025-10-11 14:45:43,recyclable,0.9532
2025-10-11 14:45:43,recyclable,0.9525
2025-10-11 14:45:44,recyclable,0.9530
2025-10-11 14:45:44,recyclable,0.9533
2025-10-11 14:45:44,recyclable,0.9529
2025-10-11 14:45:44,recyclable,0.9531
2025-10-11 14:45:44,recyclable,0.9535
2025-10-11 14:45:45,recyclable,0.9537
2025-10-11 14:45:45,recyclable,0.9536
2025-10-11 14:45:45,recyclable,0.9534
2025-10-11 14:45:45,recyclable,0.9532
2025-10-11 14:45:45,recyclable,0.9531
2025-10-11 14:45:45,recyclable,0.9531
2025-10-11 14:45:46,recyclable,0.9524
2025-10-11 14:45:46,recyclable,0.9531
2025-10-11 14:45:46,recyclable,0.9534
2025-10-11 14:45:46,recyclable,0.9525
2025-10-11 14:45:46,recyclable,0.9525
2025-10-11 14:45:46,recyclable,0.9534
2025-10-11 14:45:46,recyclable,0.9524
2025-10-11 14:45:47,recyclable,0.9533
2025-10-11 14:45:47,recyclable,0.9528
2025-10-11 14:45:47,recyclable,0.8364
2025-10-11 14:45:47,recyclable,0.9596
2025-10-11 14:45:47,recyclable,0.9579
2025-10-11 14:45:47,recyclable,0.9573
2025-10-11 14:45:47,recyclable,0.9574
2025-10-11 14:45:47,recyclable,0.7519
2025-10-11 14:45:48,recyclable,0.9637
2025-10-11 14:45:48,recyclable,0.9027
2025-10-11 14:45:48,recyclable,0.7173
2025-10-11 14:45:48,recyclable,0.7390
2025-10-11 14:45:48,recyclable,0.7482
2025-10-11 14:45:48,recyclable,0.8722
2025-10-11 14:45:49,recyclable,0.7873
2025-10-11 14:45:49,recyclable,0.9247
2025-10-11 14:45:50,recyclable,0.7845
2025-10-11 14:45:50,recyclable,0.8961
2025-10-11 14:45:51,recyclable,0.7863
2025-10-11 14:45:51,recyclable,0.8553
2025-10-11 14:45:51,recyclable,0.7708
2025-10-11 14:45:51,recyclable,0.8394
2025-10-11 14:45:52,hazardous,0.7336
2025-10-11 14:45:52,hazardous,0.7433
2025-10-11 14:45:52,hazardous,0.8077
2025-10-11 14:45:52,hazardous,0.8151
2025-10-11 14:45:52,hazardous,0.8210
2025-10-11 14:45:52,hazardous,0.8581
2025-10-11 14:45:52,hazardous,0.7362
2025-10-11 14:45:53,hazardous,0.7494
2025-10-11 14:45:53,hazardous,0.7879
2025-10-11 14:45:54,recyclable,0.8198
2025-10-11 14:45:54,recyclable,0.8719
2025-10-11 14:45:54,recyclable,0.9312
2025-10-11 14:45:54,recyclable,0.7387
2025-10-11 14:45:54,recyclable,0.9469
2025-10-11 14:45:55,recyclable,0.8589
2025-10-11 14:45:55,recyclable,0.9657
2025-10-11 14:45:55,recyclable,0.9691
2025-10-11 14:45:55,recyclable,0.9680
2025-10-11 14:45:55,recyclable,0.8332
2025-10-11 14:45:56,recyclable,0.8150
2025-10-11 14:45:56,recyclable,0.8439
2025-10-11 14:45:57,recyclable,0.7431
2025-10-11 14:45:57,hazardous,0.7503
2025-10-11 14:45:58,recyclable,0.8968
2025-10-11 14:45:58,hazardous,0.7328
2025-10-11 14:45:58,hazardous,0.7887
2025-10-11 14:45:58,hazardous,0.8011
2025-10-11 14:45:58,hazardous,0.7154
2025-10-11 14:45:59,hazardous,0.8648
2025-10-11 14:45:59,hazardous,0.8141
2025-10-11 14:45:59,hazardous,0.9100
2025-10-11 14:45:59,recyclable,0.7911
2025-10-11 14:45:59,hazardous,0.8390
2025-10-11 14:45:59,hazardous,0.7335
2025-10-11 14:46:00,hazardous,0.8640
2025-10-11 14:46:00,hazardous,0.8000
2025-10-11 14:46:00,hazardous,0.8746
2025-10-11 14:46:00,hazardous,0.7524
2025-10-11 14:46:01,recyclable,0.7832
2025-10-11 14:46:01,recyclable,0.7647
2025-10-11 14:46:01,recyclable,0.7760
2025-10-11 14:46:02,recyclable,0.9315
2025-10-11 14:50:11,hazardous,0.9890
2025-10-11 14:50:11,hazardous,0.9860
2025-10-11 14:50:11,hazardous,0.9873
2025-10-11 14:50:11,hazardous,0.9922
2025-10-11 14:50:11,hazardous,0.9910
2025-10-11 14:50:11,hazardous,0.9860
2025-10-11 14:50:11,hazardous,0.9924
2025-10-11 14:50:12,hazardous,0.9844
2025-10-11 14:50:12,hazardous,0.9826
2025-10-11 14:50:12,hazardous,0.9800
2025-10-11 14:50:12,hazardous,0.9777
2025-10-11 14:50:13,recyclable,0.9200
2025-10-11 14:50:13,recyclable,0.8336
2025-10-11 14:50:13,recyclable,0.7494
2025-10-11 14:50:13,recyclable,0.7988
2025-10-11 14:50:13,recyclable,0.9208
2025-10-11 14:50:14,recyclable,0.9528
2025-10-11 14:50:14,recyclable,0.7940
2025-10-11 14:50:14,recyclable,0.9444
2025-10-11 14:50:14,recyclable,0.9552
2025-10-11 14:50:14,recyclable,0.9620
2025-10-11 14:50:14,recyclable,0.8962
2025-10-11 14:50:14,recyclable,0.9580
2025-10-11 14:50:15,recyclable,0.9365
2025-10-11 14:50:15,recyclable,0.9266
2025-10-11 14:50:15,recyclable,0.7489
2025-10-11 14:50:15,recyclable,0.9377
2025-10-11 14:50:15,recyclable,0.9689
2025-10-11 14:50:15,recyclable,0.9210
2025-10-11 14:50:15,recyclable,0.9451
2025-10-11 14:50:15,recyclable,0.9760
2025-10-11 14:50:15,recyclable,0.9614
2025-10-11 14:50:16,recyclable,0.9814
2025-10-11 14:50:16,recyclable,0.7766
2025-10-11 14:50:16,hazardous,0.9490
2025-10-11 14:50:16,hazardous,0.8960
2025-10-11 14:50:16,hazardous,0.9348
2025-10-11 14:50:16,hazardous,0.9581
2025-10-11 14:50:16,hazardous,0.8908
2025-10-11 14:50:17,hazardous,0.9174
2025-10-11 14:50:17,hazardous,0.9083
2025-10-11 14:50:17,hazardous,0.8701
2025-10-11 14:50:17,hazardous,0.8624
2025-10-11 14:50:17,hazardous,0.8577
2025-10-11 14:50:17,hazardous,0.8589
2025-10-11 14:50:18,hazardous,0.8986
2025-10-11 14:50:18,hazardous,0.9071
2025-10-11 14:50:18,hazardous,0.9029
2025-10-11 14:50:18,hazardous,0.9037
2025-10-11 14:50:18,hazardous,0.9008
2025-10-11 14:50:18,hazardous,0.8983
2025-10-11 14:50:18,hazardous,0.8897
2025-10-11 14:50:19,hazardous,0.7954
2025-10-11 14:50:19,hazardous,0.8920
2025-10-11 14:50:19,hazardous,0.8912
2025-10-11 14:50:19,hazardous,0.8922
2025-10-11 14:50:19,hazardous,0.9156
2025-10-11 14:50:19,hazardous,0.9146
2025-10-11 14:50:20,hazardous,0.9217
2025-10-11 14:50:20,hazardous,0.9287
2025-10-11 14:50:20,hazardous,0.8942
2025-10-11 14:50:20,hazardous,0.9077
2025-10-11 14:50:20,hazardous,0.9010
2025-10-11 14:50:20,hazardous,0.9023
2025-10-11 14:50:21,hazardous,0.8906
2025-10-11 14:50:21,hazardous,0.8837
2025-10-11 14:50:21,hazardous,0.8761
2025-10-11 14:50:21,hazardous,0.8835
2025-10-11 14:50:21,hazardous,0.8676
2025-10-11 14:50:21,hazardous,0.9084
2025-10-11 14:50:21,hazardous,0.9273
2025-10-11 14:50:22,hazardous,0.9540
2025-10-11 14:50:22,hazardous,0.9417
2025-10-11 14:50:22,hazardous,0.9630
2025-10-11 14:50:22,hazardous,0.9518
2025-10-11 14:50:22,hazardous,0.7430
2025-10-11 14:50:22,hazardous,0.8010
2025-10-11 14:50:22,hazardous,0.7935
2025-10-11 14:50:22,hazardous,0.7672
2025-10-11 14:50:23,hazardous,0.7348
2025-10-11 14:50:23,hazardous,0.9015
2025-10-11 14:50:23,hazardous,0.8375
2025-10-11 14:50:24,hazardous,0.7049
2025-10-11 14:50:24,recyclable,0.9508
2025-10-11 14:50:24,recyclable,0.9510
2025-10-11 14:50:24,recyclable,0.9508
2025-10-11 14:50:24,recyclable,0.9508
2025-10-11 14:50:24,recyclable,0.9508
2025-10-11 14:50:24,recyclable,0.9507
2025-10-11 14:50:25,recyclable,0.9508
2025-10-11 14:50:25,recyclable,0.9513
2025-10-11 14:50:25,recyclable,0.9513
2025-10-11 14:50:25,recyclable,0.9514
2025-10-11 14:50:25,recyclable,0.9524
2025-10-11 14:50:25,recyclable,0.9533
2025-10-11 14:50:25,recyclable,0.9536
2025-10-11 14:50:25,recyclable,0.9547
2025-10-11 14:50:25,recyclable,0.9547
2025-10-11 14:50:26,recyclable,0.9547
2025-10-11 14:50:26,recyclable,0.9544
2025-10-11 14:50:26,recyclable,0.9544
2025-10-11 14:50:26,recyclable,0.9549
2025-10-11 14:50:26,recyclable,0.9545
2025-10-11 14:50:26,recyclable,0.9544
2025-10-11 14:50:26,recyclable,0.9539
2025-10-11 14:50:26,recyclable,0.9548
2025-10-11 14:50:26,recyclable,0.9548
2025-10-11 14:50:27,recyclable,0.9543
2025-10-11 14:50:27,recyclable,0.9543
2025-10-11 14:50:27,recyclable,0.9542
2025-10-11 14:50:27,recyclable,0.9547
2025-10-11 14:50:27,recyclable,0.9550
2025-10-11 14:50:27,recyclable,0.9551
2025-10-11 14:50:28,recyclable,0.9554
2025-10-11 14:50:28,recyclable,0.9550
2025-10-11 14:50:28,recyclable,0.9541
2025-10-11 14:50:28,recyclable,0.9543
2025-10-11 14:50:28,recyclable,0.9542
2025-10-11 14:50:28,recyclable,0.9542
2025-10-11 14:50:28,recyclable,0.9546
2025-10-11 14:50:29,recyclable,0.9544
2025-10-11 14:50:29,recyclable,0.9541
2025-10-11 14:50:29,recyclable,0.9539
2025-10-11 14:50:29,recyclable,0.9539
2025-10-11 14:50:29,recyclable,0.9544
2025-10-11 14:50:29,recyclable,0.9542
2025-10-11 14:50:29,recyclable,0.9543
2025-10-11 14:50:29,recyclable,0.9533
2025-10-11 14:50:29,recyclable,0.9536
2025-10-11 14:50:30,recyclable,0.9538
2025-10-11 14:50:30,recyclable,0.9539
2025-10-11 14:50:30,recyclable,0.9526
2025-10-11 14:50:30,recyclable,0.9532
2025-10-11 14:50:30,recyclable,0.9533
2025-10-11 14:50:30,recyclable,0.9535
2025-10-11 14:50:30,recyclable,0.9527
2025-10-11 14:50:30,recyclable,0.9541
2025-10-11 14:50:30,recyclable,0.9541
2025-10-11 14:50:31,recyclable,0.9532
2025-10-11 14:50:31,recyclable,0.9536
2025-10-11 14:50:31,recyclable,0.9531
2025-10-11 14:50:31,recyclable,0.9532
2025-10-11 14:50:31,recyclable,0.9535
2025-10-11 14:50:31,recyclable,0.9523
2025-10-11 14:50:31,recyclable,0.9527
2025-10-11 14:50:31,recyclable,0.9563
2025-10-11 14:50:32,recyclable,0.9538
2025-10-11 14:50:32,recyclable,0.9542
2025-10-11 14:50:32,recyclable,0.9538
2025-10-11 14:50:32,recyclable,0.9537
2025-10-11 14:50:32,recyclable,0.9880
2025-10-11 14:50:32,recyclable,0.8647
2025-10-11 14:50:32,recyclable,0.8899
2025-10-11 14:50:32,recyclable,0.8737
2025-10-11 14:50:32,hazardous,0.9437
2025-10-11 14:50:33,hazardous,0.9187
2025-10-11 14:50:33,hazardous,0.8759
2025-10-11 14:50:33,hazardous,0.8926
2025-10-11 14:50:33,hazardous,0.7991
2025-10-11 14:50:33,hazardous,0.9268
2025-10-11 14:50:33,hazardous,0.9162
2025-10-11 14:50:33,hazardous,0.9256
2025-10-11 14:50:33,hazardous,0.8836
2025-10-11 14:50:33,hazardous,0.8803
2025-10-11 14:50:34,hazardous,0.8748
2025-10-11 14:50:34,hazardous,0.9118
2025-10-11 14:50:34,hazardous,0.9250
2025-10-11 14:50:34,hazardous,0.9455
2025-10-11 14:50:34,hazardous,0.8682
2025-10-11 14:50:34,hazardous,0.9137
2025-10-11 14:50:34,hazardous,0.8968
2025-10-11 14:50:34,hazardous,0.8983
2025-10-11 14:50:35,hazardous,0.9070
2025-10-11 14:50:35,hazardous,0.9527
2025-10-11 14:50:35,hazardous,0.9308
2025-10-11 14:50:35,hazardous,0.9309
2025-10-11 14:50:35,hazardous,0.9260
2025-10-11 14:50:35,hazardous,0.8810
2025-10-11 14:50:35,hazardous,0.9255
2025-10-11 14:50:35,hazardous,0.9506
2025-10-11 14:50:36,hazardous,0.9428
2025-10-11 14:50:36,hazardous,0.9555
2025-10-11 14:50:36,hazardous,0.9642
2025-10-11 14:50:36,hazardous,0.9462
2025-10-11 14:50:36,hazardous,0.9643
2025-10-11 14:50:36,hazardous,0.9673
2025-10-11 14:50:36,hazardous,0.9616
2025-10-11 14:50:36,hazardous,0.9632
2025-10-11 14:50:36,hazardous,0.9722
2025-10-11 14:50:37,hazardous,0.9647
2025-10-11 14:50:37,hazardous,0.9588
2025-10-11 14:50:37,hazardous,0.9409
2025-10-11 14:50:37,hazardous,0.8794
2025-10-11 14:50:37,hazardous,0.8589
2025-10-11 14:50:37,hazardous,0.8203
2025-10-11 14:50:37,hazardous,0.7300
2025-10-11 14:50:37,hazardous,0.9232
2025-10-11 14:50:38,hazardous,0.9661
2025-10-11 14:50:38,hazardous,0.9722
2025-10-11 14:50:38,hazardous,0.9547
2025-10-11 14:50:38,hazardous,0.9644
2025-10-11 14:50:38,hazardous,0.9653
2025-10-11 14:50:39,hazardous,0.9725
2025-10-11 14:50:39,hazardous,0.9392
2025-10-11 14:50:39,hazardous,0.9542
2025-10-11 14:50:39,hazardous,0.9808
2025-10-11 14:50:39,hazardous,0.9373
2025-10-11 14:50:39,hazardous,0.9341
2025-10-11 14:50:39,hazardous,0.8519
2025-10-11 14:50:40,hazardous,0.9638
2025-10-11 14:50:40,hazardous,0.9604
2025-10-11 14:50:40,recyclable,0.9508
2025-10-11 14:50:40,recyclable,0.9508
2025-10-11 14:50:40,recyclable,0.9508
2025-10-11 14:50:40,recyclable,0.9508
2025-10-11 14:50:40,recyclable,0.9508
2025-10-11 14:50:40,recyclable,0.9510
2025-10-11 14:50:41,recyclable,0.9509
2025-10-11 14:50:41,recyclable,0.9510
2025-10-11 14:50:41,recyclable,0.9510
2025-10-11 14:50:41,recyclable,0.9512
2025-10-11 14:50:41,recyclable,0.9523
2025-10-11 14:50:41,recyclable,0.9523
2025-10-11 14:50:41,recyclable,0.9545
2025-10-11 14:50:41,recyclable,0.9544
2025-10-11 14:50:42,recyclable,0.9543
2025-10-11 14:50:42,recyclable,0.9543
2025-10-11 14:50:42,recyclable,0.9549
2025-10-11 14:50:42,recyclable,0.9546
2025-10-11 14:50:42,recyclable,0.9546
2025-10-11 14:50:42,recyclable,0.9543
2025-10-11 14:50:42,recyclable,0.9550
2025-10-11 14:50:42,recyclable,0.9547
2025-10-11 14:50:42,recyclable,0.9550
2025-10-11 14:50:43,recyclable,0.9550
2025-10-11 14:50:43,recyclable,0.9553
2025-10-11 14:50:43,recyclable,0.9557
2025-10-11 14:50:43,recyclable,0.9551
2025-10-11 14:50:43,recyclable,0.9553
2025-10-11 14:50:43,recyclable,0.9549
2025-10-11 14:50:43,recyclable,0.9554
2025-10-11 14:50:43,recyclable,0.9553
2025-10-11 14:50:44,recyclable,0.9547
2025-10-11 14:50:44,recyclable,0.9551
2025-10-11 14:50:44,recyclable,0.9548
2025-10-11 14:50:44,recyclable,0.9552
2025-10-11 14:50:44,recyclable,0.9552
2025-10-11 14:50:44,recyclable,0.9555
2025-10-11 14:50:44,recyclable,0.9555
2025-10-11 14:50:44,recyclable,0.9547
2025-10-11 14:50:45,recyclable,0.9548
2025-10-11 14:50:45,recyclable,0.9551
2025-10-11 14:50:45,recyclable,0.9554
2025-10-11 14:50:45,recyclable,0.9549
2025-10-11 14:50:45,recyclable,0.9550
2025-10-11 14:50:45,recyclable,0.9547
2025-10-11 14:50:45,recyclable,0.9550
2025-10-11 14:50:45,recyclable,0.9542
2025-10-11 14:50:46,recyclable,0.9547
2025-10-11 14:50:46,recyclable,0.9542
2025-10-11 14:50:46,recyclable,0.9553
2025-10-11 14:50:46,recyclable,0.9552
2025-10-11 14:50:46,recyclable,0.9550
2025-10-11 14:50:46,recyclable,0.9557
2025-10-11 14:50:46,recyclable,0.9550
2025-10-11 14:50:47,recyclable,0.9553
2025-10-11 14:50:47,recyclable,0.9558
2025-10-11 14:50:47,recyclable,0.9556
2025-10-11 14:50:47,recyclable,0.9552
2025-10-11 14:50:47,recyclable,0.9553
2025-10-11 14:50:47,recyclable,0.9554
2025-10-11 14:50:47,recyclable,0.9547
2025-10-11 14:50:48,recyclable,0.9553
2025-10-11 14:50:48,recyclable,0.9540
2025-10-11 14:50:48,recyclable,0.9555
2025-10-11 14:50:48,recyclable,0.9557
2025-10-11 14:50:48,recyclable,0.9549
2025-10-11 14:55:11,recyclable,0.9541
2025-10-11 14:55:11,recyclable,0.9541
2025-10-11 14:55:11,recyclable,0.9536
2025-10-11 14:55:11,recyclable,0.9545
2025-10-11 14:55:12,recyclable,0.9542
2025-10-11 14:55:12,recyclable,0.9539
2025-10-11 14:55:12,recyclable,0.9551
2025-10-11 14:55:12,recyclable,0.9546
2025-10-11 14:55:12,recyclable,0.9541
2025-10-11 14:55:12,recyclable,0.9542
2025-10-11 14:55:12,recyclable,0.9553
2025-10-11 14:55:13,recyclable,0.9542
2025-10-11 14:55:13,recyclable,0.9543
2025-10-11 14:55:13,recyclable,0.9538
2025-10-11 14:55:13,recyclable,0.9542
2025-10-11 14:55:13,recyclable,0.9541
2025-10-11 14:55:13,recyclable,0.9540
2025-10-11 14:55:14,recyclable,0.9541
2025-10-11 14:55:14,recyclable,0.9541
2025-10-11 14:55:14,recyclable,0.9543
2025-10-11 14:55:14,recyclable,0.9547
2025-10-11 14:55:14,recyclable,0.9540
2025-10-11 14:55:14,recyclable,0.9546
2025-10-11 14:55:14,recyclable,0.9542
2025-10-11 14:55:14,recyclable,0.9540
2025-10-11 14:55:15,recyclable,0.9538
2025-10-11 14:55:15,recyclable,0.9538
2025-10-11 14:55:15,recyclable,0.9537
2025-10-11 14:55:15,recyclable,0.8745
2025-10-11 14:55:15,recyclable,0.8584
2025-10-11 14:55:15,recyclable,0.9581
2025-10-11 14:55:16,recyclable,0.9676
2025-10-11 14:55:16,recyclable,0.8818
2025-10-11 14:55:16,recyclable,0.9448
2025-10-11 14:55:17,recyclable,0.7235
2025-10-11 14:55:17,recyclable,0.8062
2025-10-11 14:55:17,recyclable,0.7489
2025-10-11 14:55:17,recyclable,0.9198
2025-10-11 14:55:17,recyclable,0.8061
2025-10-11 14:55:18,recyclable,0.9062
2025-10-11 14:55:18,recyclable,0.8442
2025-10-11 14:55:18,recyclable,0.8867
2025-10-11 14:55:18,recyclable,0.9809
2025-10-11 14:55:19,recyclable,0.9519
2025-10-11 14:55:19,recyclable,0.8481
2025-10-11 14:55:19,recyclable,0.9282
2025-10-11 14:55:19,recyclable,0.9570
2025-10-11 14:55:19,recyclable,0.9503
2025-10-11 14:55:19,recyclable,0.8848
2025-10-11 14:55:19,recyclable,0.9377
2025-10-11 14:55:19,recyclable,0.9252
2025-10-11 14:55:20,recyclable,0.9099
2025-10-11 14:55:20,recyclable,0.8592
2025-10-11 14:55:20,recyclable,0.8715
2025-10-11 14:55:20,recyclable,0.8515
2025-10-11 14:55:20,recyclable,0.8860
2025-10-11 14:55:20,recyclable,0.9527
2025-10-11 14:55:20,recyclable,0.9286
2025-10-11 14:55:20,recyclable,0.9817
2025-10-11 14:55:21,recyclable,0.9639
2025-10-11 14:55:21,recyclable,0.9625
2025-10-11 14:55:21,recyclable,0.8859
2025-10-11 14:55:21,hazardous,0.9626
2025-10-11 14:55:21,hazardous,0.9701
2025-10-11 14:55:21,hazardous,0.9164
2025-10-11 14:55:21,hazardous,0.9175
2025-10-11 14:55:22,hazardous,0.8762
2025-10-11 14:55:22,hazardous,0.7949
2025-10-11 14:55:22,hazardous,0.7728
2025-10-11 14:55:22,hazardous,0.7262
2025-10-11 14:55:23,hazardous,0.7008
2025-10-11 14:55:23,hazardous,0.7225
2025-10-11 14:55:23,recyclable,0.7150
2025-10-11 14:55:24,recyclable,0.7107
2025-10-11 14:55:24,hazardous,0.7979
2025-10-11 14:55:24,hazardous,0.7138
2025-10-11 14:55:24,hazardous,0.8038
2025-10-11 14:55:24,hazardous,0.9179
2025-10-11 14:55:24,recyclable,0.8339
2025-10-11 14:55:25,recyclable,0.8090
2025-10-11 14:55:25,recyclable,0.9080
2025-10-11 14:55:25,recyclable,0.8295
2025-10-11 14:55:25,recyclable,0.8230
2025-10-11 14:55:25,recyclable,0.9249
2025-10-11 14:55:25,recyclable,0.9068
2025-10-11 14:55:25,recyclable,0.9742
2025-10-11 14:55:25,recyclable,0.8710
2025-10-11 14:55:26,recyclable,0.7651
2025-10-11 14:55:26,recyclable,0.7654
2025-10-11 14:55:26,recyclable,0.7533
2025-10-11 14:55:26,recyclable,0.7679
2025-10-11 14:55:27,recyclable,0.7865
2025-10-11 14:55:27,recyclable,0.7435
2025-10-11 14:55:27,recyclable,0.9190
2025-10-11 14:55:27,recyclable,0.8473
2025-10-11 14:55:27,recyclable,0.8973
2025-10-11 14:55:27,recyclable,0.8563
2025-10-11 14:55:27,recyclable,0.9148
2025-10-11 14:55:28,recyclable,0.8893
2025-10-11 14:55:28,recyclable,0.7814
2025-10-11 14:55:28,recyclable,0.7069
2025-10-11 14:55:28,recyclable,0.8204
2025-10-11 14:55:28,recyclable,0.8116
2025-10-11 14:55:28,recyclable,0.9113
2025-10-11 14:55:28,recyclable,0.7841
2025-10-11 14:55:28,recyclable,0.8230
2025-10-11 14:55:29,recyclable,0.8112
2025-10-11 14:55:29,recyclable,0.7205
2025-10-11 14:55:29,hazardous,0.7920
2025-10-11 14:55:29,hazardous,0.9032
2025-10-11 14:55:30,hazardous,0.7780
2025-10-11 14:55:30,hazardous,0.8342
2025-10-11 14:55:30,hazardous,0.9266
2025-10-11 14:55:30,hazardous,0.9167
2025-10-11 14:55:30,hazardous,0.8714
2025-10-11 14:55:30,hazardous,0.9244
2025-10-11 14:55:30,hazardous,0.9355
2025-10-11 14:55:31,hazardous,0.9122
2025-10-11 14:55:31,hazardous,0.9270
2025-10-11 14:55:31,hazardous,0.8920
2025-10-11 14:55:31,hazardous,0.9248
2025-10-11 14:55:31,hazardous,0.9615
2025-10-11 14:55:31,hazardous,0.8970
2025-10-11 14:55:31,hazardous,0.9382
2025-10-11 14:55:32,hazardous,0.9268
2025-10-11 14:55:32,hazardous,0.8896
2025-10-11 14:55:32,hazardous,0.8772
2025-10-11 14:55:32,hazardous,0.9239
2025-10-11 14:55:32,hazardous,0.9427
2025-10-11 14:55:32,hazardous,0.9289
2025-10-11 14:55:33,hazardous,0.9498
2025-10-11 14:55:33,hazardous,0.9543
2025-10-11 14:55:33,hazardous,0.9326
2025-10-11 14:55:33,hazardous,0.9450
2025-10-11 14:55:33,hazardous,0.9445
2025-10-11 14:55:33,hazardous,0.9744
2025-10-11 14:55:34,hazardous,0.8831
2025-10-11 14:55:34,hazardous,0.9037
2025-10-11 14:55:34,hazardous,0.9150
2025-10-11 14:55:34,hazardous,0.9246
2025-10-11 14:55:34,hazardous,0.9071
2025-10-11 14:55:34,hazardous,0.9034
2025-10-11 14:55:34,hazardous,0.8908
2025-10-11 14:55:34,hazardous,0.8829
2025-10-11 14:55:35,hazardous,0.8400
2025-10-11 14:55:35,hazardous,0.9874
2025-10-11 14:55:35,hazardous,0.9036
2025-10-11 14:55:35,hazardous,0.9166
2025-10-11 14:55:35,hazardous,0.9155
2025-10-11 14:55:36,hazardous,0.9583
2025-10-11 14:55:36,hazardous,0.8810
2025-10-11 14:55:36,hazardous,0.8532
2025-10-11 14:55:36,hazardous,0.8304
2025-10-11 14:55:36,hazardous,0.8936
2025-10-11 14:55:36,hazardous,0.9306
2025-10-11 14:55:36,hazardous,0.8810
2025-10-11 14:55:36,hazardous,0.9248
2025-10-11 14:55:37,hazardous,0.8203
2025-10-11 14:55:37,hazardous,0.8970
2025-10-11 14:55:37,hazardous,0.8624
2025-10-11 14:55:37,hazardous,0.8819
2025-10-11 14:55:37,hazardous,0.8960
2025-10-11 14:55:37,hazardous,0.8676
2025-10-11 14:55:38,hazardous,0.9557
2025-10-11 14:55:38,hazardous,0.7575
2025-10-11 14:55:38,hazardous,0.8101
2025-10-11 14:55:38,hazardous,0.8553
2025-10-11 14:55:38,hazardous,0.9289
2025-10-11 14:55:38,hazardous,0.8416
2025-10-11 14:55:38,hazardous,0.7707
2025-10-11 14:55:39,hazardous,0.9688
2025-10-11 14:55:39,hazardous,0.9291
2025-10-11 14:55:39,hazardous,0.9405
2025-10-11 14:55:39,hazardous,0.8996
2025-10-11 14:55:39,hazardous,0.9236
2025-10-11 14:55:39,recyclable,0.9508
2025-10-11 14:55:39,recyclable,0.9508
2025-10-11 14:55:39,recyclable,0.9508
2025-10-11 14:55:40,recyclable,0.9508
2025-10-11 14:55:40,recyclable,0.9508
2025-10-11 14:55:40,recyclable,0.9508
2025-10-11 14:55:40,recyclable,0.9508
2025-10-11 14:55:40,recyclable,0.9508
2025-10-11 14:55:40,recyclable,0.9509
2025-10-11 14:55:40,recyclable,0.9520
2025-10-11 14:55:40,recyclable,0.9542
2025-10-11 14:55:41,recyclable,0.9545
2025-10-11 14:55:41,recyclable,0.9558
2025-10-11 14:55:41,recyclable,0.9546
2025-10-11 14:55:41,recyclable,0.9537
2025-10-11 14:55:41,recyclable,0.9540
2025-10-11 14:55:41,recyclable,0.9543
2025-10-11 14:55:41,recyclable,0.9546
2025-10-11 14:55:42,recyclable,0.9546
2025-10-11 14:55:42,recyclable,0.9551
2025-10-11 14:55:42,recyclable,0.9554
2025-10-11 14:55:42,recyclable,0.9552
2025-10-11 14:55:42,recyclable,0.9550
2025-10-11 14:55:42,recyclable,0.9548
2025-10-11 14:55:42,recyclable,0.9548
2025-10-11 14:55:42,recyclable,0.9548
2025-10-11 14:55:43,recyclable,0.9548
2025-10-11 14:55:43,recyclable,0.9555
2025-10-11 14:55:43,recyclable,0.9552
2025-10-11 14:55:43,recyclable,0.9543
2025-10-11 14:55:43,recyclable,0.9547
2025-10-11 14:55:43,recyclable,0.9541
2025-10-11 14:55:43,recyclable,0.9539
2025-10-11 14:55:44,recyclable,0.9540
2025-10-11 14:55:44,recyclable,0.9540
2025-10-11 14:55:44,recyclable,0.9545
2025-10-11 14:55:44,recyclable,0.9540
2025-10-11 14:55:44,recyclable,0.9541
2025-10-11 14:55:44,recyclable,0.9540
2025-10-11 14:55:44,recyclable,0.9535
2025-10-11 14:55:44,recyclable,0.9540
2025-10-11 14:55:45,recyclable,0.9529
2025-10-11 14:55:45,recyclable,0.9534
2025-10-11 14:55:45,recyclable,0.9533
2025-10-11 14:55:45,recyclable,0.9538
2025-10-11 14:55:45,recyclable,0.9532
2025-10-11 14:55:45,recyclable,0.9534
2025-10-11 14:55:45,recyclable,0.9537
2025-10-11 14:55:45,recyclable,0.9539
2025-10-11 14:55:46,recyclable,0.9534
2025-10-11 14:55:46,recyclable,0.9539
2025-10-11 14:55:46,recyclable,0.9536
2025-10-11 14:55:46,recyclable,0.9534
2025-10-11 14:55:46,recyclable,0.9536
2025-10-11 14:55:46,recyclable,0.9540
2025-10-11 14:55:46,recyclable,0.9531
2025-10-11 14:55:46,recyclable,0.9534
2025-10-11 14:55:47,recyclable,0.9534
2025-10-11 14:55:47,recyclable,0.9521
2025-10-11 14:55:47,recyclable,0.9532
2025-10-11 14:55:47,recyclable,0.9532
2025-10-11 14:55:47,recyclable,0.9526
2025-10-11 14:55:47,recyclable,0.9529
2025-10-11 14:55:47,recyclable,0.9528
2025-10-11 14:55:47,recyclable,0.9528
2025-10-11 14:55:48,recyclable,0.9531
2025-10-11 14:55:48,recyclable,0.9528
2025-10-11 14:55:48,recyclable,0.9525
2025-10-11 14:55:48,recyclable,0.9527
2025-10-11 14:55:48,recyclable,0.9525
2025-10-11 14:55:48,recyclable,0.9528
2025-10-11 14:55:48,recyclable,0.9524
2025-10-11 14:55:48,recyclable,0.9527
2025-10-11 14:55:49,recyclable,0.9525
2025-10-11 14:55:49,recyclable,0.9526
2025-10-11 14:55:49,recyclable,0.9529
2025-10-11 14:55:49,recyclable,0.9528
2025-10-11 14:55:49,recyclable,0.9523
2025-10-11 14:55:49,recyclable,0.9526
2025-10-11 14:55:49,recyclable,0.9527
2025-10-11 14:55:50,recyclable,0.9526
2025-10-11 14:55:50,recyclable,0.9532
2025-10-11 14:55:50,recyclable,0.9526
2025-10-11 14:55:50,recyclable,0.9524
2025-10-11 14:55:50,recyclable,0.9523
2025-10-11 14:55:50,recyclable,0.9529
2025-10-11 14:55:50,recyclable,0.9528
2025-10-11 14:55:50,recyclable,0.9528
2025-10-11 14:55:50,recyclable,0.9525
2025-10-11 14:55:51,recyclable,0.9527
2025-10-11 14:55:51,recyclable,0.9525
2025-10-11 14:55:51,recyclable,0.9528
2025-10-11 14:55:51,recyclable,0.9528
2025-10-11 14:55:51,recyclable,0.9530
2025-10-11 14:55:51,recyclable,0.9527
2025-10-11 14:55:51,recyclable,0.9527
2025-10-11 14:55:52,recyclable,0.9523
2025-10-11 14:55:52,recyclable,0.9527
2025-10-11 14:55:52,recyclable,0.9526
2025-10-11 14:55:52,recyclable,0.9523
2025-10-11 14:55:52,recyclable,0.9519
2025-10-11 14:55:52,recyclable,0.9517
2025-10-11 14:55:53,recyclable,0.9524
2025-10-11 14:55:53,recyclable,0.9526
2025-10-11 14:55:53,recyclable,0.9524
2025-10-11 14:55:53,recyclable,0.9525
2025-10-11 14:55:53,recyclable,0.9526
2025-10-11 14:55:53,recyclable,0.9526
2025-10-11 14:55:53,recyclable,0.9521
2025-10-11 14:55:54,recyclable,0.9521
2025-10-11 14:55:54,recyclable,0.9523
2025-10-11 14:55:54,recyclable,0.9519
2025-10-11 14:55:54,recyclable,0.9525
2025-10-11 14:55:54,recyclable,0.9517
2025-10-11 14:55:54,recyclable,0.9517
2025-10-11 14:55:54,recyclable,0.9521
2025-10-11 14:55:54,recyclable,0.9521
2025-10-11 14:55:55,recyclable,0.9526
2025-10-11 14:55:55,recyclable,0.9523
2025-10-11 14:55:55,recyclable,0.9523
2025-10-11 14:55:55,recyclable,0.9517
2025-10-11 14:55:55,recyclable,0.9516
2025-10-11 14:55:55,recyclable,0.9518
2025-10-11 14:55:55,recyclable,0.9527
2025-10-11 14:55:55,recyclable,0.9520
2025-10-11 14:55:55,recyclable,0.9521
2025-10-11 14:55:56,recyclable,0.9522
2025-10-11 14:55:56,recyclable,0.9520
2025-10-11 14:55:56,recyclable,0.9521
2025-10-11 14:55:56,recyclable,0.9520
2025-10-11 14:55:56,recyclable,0.9515
2025-10-11 14:55:56,recyclable,0.9521
2025-10-11 14:55:56,recyclable,0.9521
2025-10-11 15:08:39,hazardous,0.9648
2025-10-11 15:08:39,hazardous,0.9363
2025-10-11 15:08:39,hazardous,0.8790
2025-10-11 15:08:39,hazardous,0.9329
2025-10-11 15:08:39,hazardous,0.9561
2025-10-11 15:08:40,hazardous,0.9401
2025-10-11 15:08:40,hazardous,0.8666
2025-10-11 15:08:40,hazardous,0.8863
2025-10-11 15:08:40,hazardous,0.8451
2025-10-11 15:08:40,hazardous,0.7648
2025-10-11 15:08:41,recyclable,0.8538
2025-10-11 15:08:41,recyclable,0.8948
2025-10-11 15:08:41,recyclable,0.8733
2025-10-11 15:08:41,recyclable,0.8812
2025-10-11 15:08:41,recyclable,0.8116
2025-10-11 15:08:41,recyclable,0.8158
2025-10-11 15:08:42,recyclable,0.8768
2025-10-11 15:08:42,hazardous,0.7259
2025-10-11 15:08:42,recyclable,0.7598
2025-10-11 15:08:42,recyclable,0.8394
2025-10-11 15:08:42,recyclable,0.8257
2025-10-11 15:08:43,recyclable,0.8692
2025-10-11 15:08:43,recyclable,0.7479
2025-10-11 15:08:43,recyclable,0.8485
2025-10-11 15:08:44,recyclable,0.8710
2025-10-11 15:08:44,recyclable,0.9375
2025-10-11 15:08:44,recyclable,0.8394
2025-10-11 15:08:45,hazardous,0.7589
2025-10-11 15:08:45,hazardous,0.7813
2025-10-11 15:08:45,hazardous,0.8536
2025-10-11 15:08:45,hazardous,0.9239
2025-10-11 15:08:46,hazardous,0.9375
2025-10-11 15:08:46,hazardous,0.7775
2025-10-11 15:08:46,recyclable,0.9663
2025-10-11 15:08:46,recyclable,0.9747
2025-10-11 15:08:46,recyclable,0.9549
2025-10-11 15:08:46,recyclable,0.9901
2025-10-11 15:08:46,recyclable,0.9833
2025-10-11 15:08:46,recyclable,0.9657
2025-10-11 15:08:47,recyclable,0.9663
2025-10-11 15:08:47,recyclable,0.9815
2025-10-11 15:08:47,recyclable,0.9613
2025-10-11 15:08:47,recyclable,0.9577
2025-10-11 15:08:47,recyclable,0.9707
2025-10-11 15:08:47,recyclable,0.9845
2025-10-11 15:08:47,recyclable,0.9782
2025-10-11 15:08:47,recyclable,0.9863
2025-10-11 15:08:48,recyclable,0.9863
2025-10-11 15:08:48,recyclable,0.9833
2025-10-11 15:08:48,recyclable,0.9824
2025-10-11 15:08:48,recyclable,0.9618
2025-10-11 15:08:48,recyclable,0.9802
2025-10-11 15:08:48,recyclable,0.9861
2025-10-11 15:08:48,recyclable,0.9860
2025-10-11 15:08:48,recyclable,0.9658
2025-10-11 15:08:49,recyclable,0.9749
2025-10-11 15:08:49,recyclable,0.9682
2025-10-11 15:08:49,recyclable,0.9665
2025-10-11 15:08:49,recyclable,0.9801
2025-10-11 15:08:49,recyclable,0.9714
2025-10-11 15:08:49,recyclable,0.9659
2025-10-11 15:08:49,recyclable,0.9705
2025-10-11 15:08:50,recyclable,0.9877
2025-10-11 15:08:50,recyclable,0.9663
2025-10-11 15:08:50,recyclable,0.9519
2025-10-11 15:08:50,recyclable,0.9763
2025-10-11 15:08:50,recyclable,0.9876
2025-10-11 15:08:50,recyclable,0.9839
2025-10-11 15:08:50,recyclable,0.9645
2025-10-11 15:08:51,recyclable,0.9055
2025-10-11 15:08:51,recyclable,0.9595
2025-10-11 15:08:51,recyclable,0.9626
2025-10-11 15:08:51,recyclable,0.9356
2025-10-11 15:08:51,recyclable,0.9533
2025-10-11 15:08:51,recyclable,0.9826
2025-10-11 15:08:51,recyclable,0.8808
2025-10-11 15:08:51,recyclable,0.7760
2025-10-11 15:08:51,recyclable,0.8946
2025-10-11 15:08:52,recyclable,0.8540
2025-10-11 15:08:52,recyclable,0.7677
2025-10-11 15:08:52,recyclable,0.9067
2025-10-11 15:08:52,recyclable,0.9470
2025-10-11 15:08:53,recyclable,0.9562
2025-10-11 15:08:53,recyclable,0.9545
2025-10-11 15:08:53,recyclable,0.9551
2025-10-11 15:08:53,recyclable,0.9500
2025-10-11 15:08:53,recyclable,0.9111
2025-10-11 15:08:53,recyclable,0.9326
2025-10-11 15:08:54,recyclable,0.8856
2025-10-11 15:08:54,recyclable,0.9576
2025-10-11 15:08:54,recyclable,0.9287
2025-10-11 15:08:54,recyclable,0.8883
2025-10-11 15:08:54,recyclable,0.9237
2025-10-11 15:08:54,recyclable,0.8916
2025-10-11 15:08:54,recyclable,0.9451
2025-10-11 15:08:55,recyclable,0.9451
2025-10-11 15:08:55,recyclable,0.9276
2025-10-11 15:08:55,recyclable,0.7564
2025-10-11 15:08:55,recyclable,0.8639
2025-10-11 15:08:55,recyclable,0.8798
2025-10-11 15:08:55,recyclable,0.7448
2025-10-11 15:08:56,recyclable,0.9522
2025-10-11 15:08:56,recyclable,0.9513
2025-10-11 15:08:56,recyclable,0.9513
2025-10-11 15:08:56,recyclable,0.9508
2025-10-11 15:08:56,recyclable,0.9508
2025-10-11 15:08:56,recyclable,0.9508
2025-10-11 15:08:56,recyclable,0.9508
2025-10-11 15:08:57,recyclable,0.9508
2025-10-11 15:08:57,recyclable,0.9529
2025-10-11 15:08:57,recyclable,0.9529
2025-10-11 15:08:57,recyclable,0.9522
2025-10-11 15:08:57,recyclable,0.9522
2025-10-11 15:08:57,recyclable,0.9521
2025-10-11 15:08:57,recyclable,0.9536
2025-10-11 15:08:57,recyclable,0.9537
2025-10-11 15:08:58,recyclable,0.9538
2025-10-11 15:08:58,recyclable,0.9546
2025-10-11 15:08:58,recyclable,0.9552
2025-10-11 15:08:58,recyclable,0.9547
2025-10-11 15:08:58,recyclable,0.9535
2025-10-11 15:08:58,recyclable,0.9551
2025-10-11 15:08:58,recyclable,0.9548
2025-10-11 15:08:58,recyclable,0.9544
2025-10-11 15:08:58,recyclable,0.9544
2025-10-11 15:08:59,recyclable,0.9550
2025-10-11 15:08:59,recyclable,0.9552
2025-10-11 15:08:59,recyclable,0.9541
2025-10-11 15:08:59,recyclable,0.9537
2025-10-11 15:08:59,recyclable,0.9541
2025-10-11 15:08:59,recyclable,0.9553
2025-10-11 15:08:59,recyclable,0.9553
2025-10-11 15:08:59,recyclable,0.9546
2025-10-11 15:09:00,recyclable,0.9541
2025-10-11 15:09:00,recyclable,0.9526
2025-10-11 15:09:00,recyclable,0.9542
2025-10-11 15:09:00,recyclable,0.9547
2025-10-11 15:09:00,recyclable,0.9539
2025-10-11 15:09:00,recyclable,0.9533
2025-10-11 15:09:00,recyclable,0.9541
2025-10-11 15:09:01,recyclable,0.9530
2025-10-11 15:09:01,recyclable,0.9535
2025-10-11 15:09:01,recyclable,0.9534
2025-10-11 15:09:01,recyclable,0.9533
2025-10-11 15:09:01,recyclable,0.9537
2025-10-11 15:09:01,recyclable,0.9530
2025-10-11 15:09:01,recyclable,0.9535
2025-10-11 15:09:02,recyclable,0.9538
2025-10-11 15:09:02,recyclable,0.9540
2025-10-11 15:09:02,recyclable,0.9533
2025-10-11 15:09:02,recyclable,0.9528
2025-10-11 15:09:02,recyclable,0.9528
2025-10-11 15:09:02,recyclable,0.9529
2025-10-11 15:09:02,recyclable,0.9532
2025-10-11 15:09:02,recyclable,0.9536
2025-10-11 15:09:03,recyclable,0.9531
2025-10-11 15:09:03,recyclable,0.9533
2025-10-11 15:09:03,recyclable,0.9530
2025-10-11 15:09:03,recyclable,0.9532
2025-10-11 15:09:03,recyclable,0.9533
2025-10-11 15:09:03,recyclable,0.9824
2025-10-11 15:09:03,recyclable,0.9738
2025-10-11 15:09:04,recyclable,0.9792
2025-10-11 15:09:04,recyclable,0.9796
2025-10-11 15:09:04,recyclable,0.9905
2025-10-11 15:09:04,recyclable,0.8824
2025-10-11 15:09:04,recyclable,0.7693
2025-10-11 15:09:04,hazardous,0.8460
2025-10-11 15:09:04,hazardous,0.9706
2025-10-11 15:09:04,hazardous,0.9071
2025-10-11 15:09:05,hazardous,0.9135
2025-10-11 15:09:05,hazardous,0.9217
2025-10-11 15:09:05,hazardous,0.9509
2025-10-11 15:09:05,hazardous,0.9516
2025-10-11 15:09:05,hazardous,0.9576
2025-10-11 15:09:05,hazardous,0.8624
2025-10-11 15:09:05,hazardous,0.8789
2025-10-11 15:09:05,hazardous,0.8170
2025-10-11 15:09:06,hazardous,0.8668
2025-10-11 15:09:06,hazardous,0.9269
2025-10-11 15:09:06,hazardous,0.9174
2025-10-11 15:09:06,hazardous,0.8520
2025-10-11 15:09:06,hazardous,0.9528
2025-10-11 15:09:06,hazardous,0.8143
2025-10-11 15:09:06,hazardous,0.9812
2025-10-11 15:09:07,hazardous,0.9445
2025-10-11 15:09:07,hazardous,0.9712
2025-10-11 15:09:07,hazardous,0.9793
2025-10-11 15:09:07,hazardous,0.9094
2025-10-11 15:09:07,hazardous,0.9979
2025-10-11 15:09:07,hazardous,0.9924
2025-10-11 15:09:07,hazardous,0.9898
2025-10-11 15:09:07,hazardous,0.9893
2025-10-11 15:09:07,hazardous,0.9852
2025-10-11 15:09:08,hazardous,0.9895
2025-10-11 15:09:08,hazardous,0.9808
2025-10-11 15:09:08,hazardous,0.9626
2025-10-11 15:09:08,hazardous,0.9496
2025-10-11 15:09:08,hazardous,0.9613
2025-10-11 15:09:08,hazardous,0.9414
2025-10-11 15:09:08,hazardous,0.9611
2025-10-11 15:09:08,hazardous,0.9505
2025-10-11 15:09:09,hazardous,0.9680
2025-10-11 15:09:09,hazardous,0.9440
2025-10-11 15:09:09,hazardous,0.9535
2025-10-11 15:09:09,hazardous,0.9758
2025-10-11 15:09:09,hazardous,0.9828
2025-10-11 15:09:09,hazardous,0.9900
2025-10-11 15:09:10,hazardous,0.9890
2025-10-11 15:09:10,hazardous,0.9838
2025-10-11 15:09:10,hazardous,0.9806
2025-10-11 15:09:10,hazardous,0.9878
2025-10-11 15:09:10,hazardous,0.9717
2025-10-11 15:09:10,hazardous,0.9247
2025-10-11 15:09:10,hazardous,0.9215
2025-10-11 15:09:11,hazardous,0.9400
2025-10-11 15:09:11,hazardous,0.9529
2025-10-11 15:09:11,hazardous,0.8915
2025-10-11 15:09:11,hazardous,0.9096
2025-10-11 15:09:11,hazardous,0.9359
2025-10-11 15:09:11,hazardous,0.9420
2025-10-11 15:09:11,hazardous,0.9062
2025-10-11 15:09:11,hazardous,0.9324
2025-10-11 15:09:11,hazardous,0.9123
2025-10-11 15:09:12,hazardous,0.9897
2025-10-11 15:09:12,hazardous,0.9913
2025-10-11 15:09:12,hazardous,0.9871
2025-10-11 15:09:12,hazardous,0.7655
2025-10-11 15:09:12,hazardous,0.8940
2025-10-11 15:09:12,hazardous,0.9095
2025-10-11 15:09:13,hazardous,0.9031
2025-10-11 15:09:13,recyclable,0.8534
2025-10-11 15:09:14,recyclable,0.8165
2025-10-11 15:09:14,recyclable,0.8610
2025-10-11 15:09:14,recyclable,0.9158
2025-10-11 15:09:14,recyclable,0.8115
2025-10-11 15:09:14,hazardous,0.8056
2025-10-11 15:09:15,recyclable,0.8888
2025-10-11 15:09:15,recyclable,0.9131
2025-10-11 15:09:15,recyclable,0.7464
2025-10-11 15:09:15,recyclable,0.7955
2025-10-11 15:09:15,hazardous,0.9486
2025-10-11 15:09:15,hazardous,0.9057
2025-10-11 15:09:16,recyclable,0.8542
2025-10-11 15:09:17,recyclable,0.9197
2025-10-11 15:09:17,recyclable,0.9416
2025-10-11 15:09:17,recyclable,0.9076
2025-10-11 15:09:17,recyclable,0.9239
2025-10-11 15:09:17,recyclable,0.8721
2025-10-11 15:09:17,recyclable,0.8776
2025-10-11 15:09:17,recyclable,0.8493
2025-10-11 15:09:17,recyclable,0.9034
2025-10-11 15:09:17,recyclable,0.9033
2025-10-11 15:09:18,recyclable,0.9199
2025-10-11 15:09:18,recyclable,0.9451
2025-10-11 15:09:18,recyclable,0.8809
2025-10-11 15:09:18,recyclable,0.7959
2025-10-11 15:09:18,recyclable,0.7852
2025-10-11 15:09:18,recyclable,0.8484
2025-10-11 15:09:18,recyclable,0.9101
2025-10-11 15:09:18,recyclable,0.9230
2025-10-11 15:09:19,recyclable,0.9160
2025-10-11 15:09:19,recyclable,0.9349
2025-10-11 15:09:19,recyclable,0.9495
2025-10-11 15:09:19,recyclable,0.9621
2025-10-11 15:09:19,hazardous,0.9028
2025-10-11 15:09:20,hazardous,0.8574
2025-10-11 15:09:20,hazardous,0.9654
2025-10-11 15:09:20,hazardous,0.9661
2025-10-11 15:09:20,hazardous,0.9613
2025-10-11 15:09:20,hazardous,0.9197
2025-10-11 15:09:21,hazardous,0.9665
2025-10-11 15:09:21,hazardous,0.8783
2025-10-11 15:09:21,hazardous,0.8952
2025-10-11 15:09:21,hazardous,0.7664
2025-10-11 15:09:21,hazardous,0.9436
2025-10-11 15:09:21,hazardous,0.9498
2025-10-11 15:09:21,hazardous,0.9578
2025-10-11 15:09:21,hazardous,0.8515
2025-10-11 15:09:22,hazardous,0.9304
2025-10-11 15:09:22,hazardous,0.8909
2025-10-11 15:09:22,hazardous,0.7612
2025-10-11 15:09:22,hazardous,0.7401
2025-10-11 15:09:22,hazardous,0.7097
2025-10-11 15:09:22,hazardous,0.8794
2025-10-11 15:09:22,hazardous,0.7043
2025-10-11 15:09:23,hazardous,0.8746
2025-10-11 15:09:23,recyclable,0.9508
2025-10-11 15:09:23,recyclable,0.9507
2025-10-11 15:09:23,recyclable,0.9509
2025-10-11 15:09:23,recyclable,0.9508
2025-10-11 15:09:23,recyclable,0.9510
2025-10-11 15:09:24,recyclable,0.9510
2025-10-11 15:09:24,recyclable,0.9533
2025-10-11 15:09:24,recyclable,0.9537
2025-10-11 15:09:24,recyclable,0.9534
2025-10-11 15:09:24,recyclable,0.9533
2025-10-11 15:09:24,recyclable,0.9533
2025-10-11 15:09:24,recyclable,0.9544
2025-10-11 15:09:24,recyclable,0.9542
2025-10-11 15:09:25,recyclable,0.9546
2025-10-11 15:09:25,recyclable,0.9537
2025-10-11 15:09:25,recyclable,0.9540
2025-10-11 15:09:25,recyclable,0.9546
2025-10-11 15:09:25,recyclable,0.9535
2025-10-11 15:09:25,recyclable,0.9544
2025-10-11 15:09:25,recyclable,0.9537
2025-10-11 15:09:26,recyclable,0.9548
2025-10-11 15:09:26,recyclable,0.9546
2025-10-11 15:09:26,recyclable,0.9546
2025-10-11 15:09:26,recyclable,0.9538
2025-10-11 15:09:26,recyclable,0.9545
2025-10-11 15:09:26,recyclable,0.9541
2025-10-11 15:09:26,recyclable,0.9536
2025-10-11 15:09:26,recyclable,0.9537
2025-10-11 15:09:27,recyclable,0.9544
2025-10-11 15:09:27,recyclable,0.9543
2025-10-11 15:09:27,recyclable,0.9543
2025-10-11 15:09:27,recyclable,0.9538
2025-10-11 15:09:27,recyclable,0.9540
2025-10-11 15:09:27,recyclable,0.9539
2025-10-11 15:09:27,recyclable,0.9537
2025-10-11 15:09:27,recyclable,0.9542
2025-10-11 15:09:28,recyclable,0.9542
2025-10-11 15:09:28,recyclable,0.9540
2025-10-11 15:09:28,recyclable,0.9540
2025-10-11 15:09:28,recyclable,0.9547
2025-10-11 15:09:28,recyclable,0.9546
2025-10-11 15:09:28,recyclable,0.9540
2025-10-11 15:09:28,recyclable,0.9542
2025-10-11 15:09:29,recyclable,0.9546
2025-10-11 15:09:29,recyclable,0.9546
2025-10-11 15:09:29,recyclable,0.9536
2025-10-11 15:09:29,recyclable,0.9544
2025-10-11 15:09:29,recyclable,0.9549
2025-10-11 15:09:29,recyclable,0.9546
2025-10-11 15:09:29,recyclable,0.9540
2025-10-11 15:09:29,recyclable,0.9535
2025-10-11 15:09:29,recyclable,0.9551
2025-10-11 15:09:30,recyclable,0.9538
2025-10-11 15:09:30,recyclable,0.9540
2025-10-11 15:09:30,recyclable,0.9545
2025-10-11 15:09:30,recyclable,0.9543
2025-10-11 15:09:30,recyclable,0.9543
2025-10-11 15:09:30,recyclable,0.9540
2025-10-11 15:09:30,recyclable,0.9546
2025-10-11 15:09:31,recyclable,0.9543
2025-10-11 15:09:31,recyclable,0.9548
2025-10-11 15:09:31,recyclable,0.9545
2025-10-11 15:09:31,recyclable,0.9545
2025-10-11 15:09:31,recyclable,0.9557
2025-10-11 15:09:31,recyclable,0.9565
2025-10-11 15:09:31,recyclable,0.9551
2025-10-11 15:09:32,recyclable,0.9547
2025-10-11 15:09:32,recyclable,0.9544
2025-10-11 15:09:32,recyclable,0.8622
2025-10-11 15:09:32,recyclable,0.8825
2025-10-11 15:09:32,recyclable,0.8776
2025-10-11 15:09:32,recyclable,0.8645
2025-10-11 15:09:32,recyclable,0.8062
2025-10-11 15:09:33,hazardous,0.7105
2025-10-11 15:09:33,hazardous,0.9274
2025-10-11 15:09:33,hazardous,0.8579
2025-10-11 15:09:33,hazardous,0.9245
2025-10-11 15:09:33,hazardous,0.8428
2025-10-11 15:09:33,hazardous,0.7111
2025-10-11 15:09:34,hazardous,0.9681
2025-10-11 15:09:34,hazardous,0.9205
2025-10-11 15:09:34,hazardous,0.9569
2025-10-11 15:09:34,hazardous,0.9160
2025-10-11 15:09:34,hazardous,0.9302
2025-10-11 15:09:34,hazardous,0.8922
2025-10-11 15:09:34,hazardous,0.9102
2025-10-11 15:09:35,hazardous,0.9397
2025-10-11 15:09:35,hazardous,0.9435
2025-10-11 15:09:35,hazardous,0.8511
2025-10-11 15:09:35,hazardous,0.8586
2025-10-11 15:09:35,hazardous,0.8527
2025-10-11 15:09:35,hazardous,0.8275
2025-10-11 15:09:35,hazardous,0.7889
2025-10-11 15:09:36,hazardous,0.8203
2025-10-11 15:09:36,hazardous,0.7708
2025-10-11 15:09:36,hazardous,0.8731
2025-10-11 15:09:36,hazardous,0.8787
2025-10-11 15:09:36,hazardous,0.9196
2025-10-11 15:09:36,hazardous,0.9049
2025-10-11 15:09:36,hazardous,0.9053
2025-10-11 15:09:36,hazardous,0.9298
2025-10-11 15:09:37,hazardous,0.9404
2025-10-11 15:09:37,hazardous,0.9442
2025-10-11 15:09:37,hazardous,0.9299
2025-10-11 15:09:37,hazardous,0.9403
2025-10-11 15:09:37,hazardous,0.9036
2025-10-11 15:09:37,hazardous,0.8971
2025-10-11 15:09:37,hazardous,0.8271
2025-10-11 15:09:37,hazardous,0.8083
2025-10-11 15:09:38,hazardous,0.7552
2025-10-11 15:09:38,hazardous,0.9356
2025-10-11 15:09:38,hazardous,0.9481
2025-10-11 15:09:38,hazardous,0.7907
2025-10-11 15:09:38,hazardous,0.8996
2025-10-11 15:09:38,hazardous,0.9110
2025-10-11 15:09:38,hazardous,0.9252
2025-10-11 15:09:38,hazardous,0.9153
2025-10-11 15:09:39,hazardous,0.9242
2025-10-11 15:09:39,hazardous,0.7811
2025-10-11 15:09:39,hazardous,0.7050
2025-10-11 15:09:39,hazardous,0.7894
2025-10-11 15:09:39,hazardous,0.8736
2025-10-11 15:09:39,hazardous,0.8259
2025-10-11 15:09:39,hazardous,0.8221
2025-10-11 15:09:40,hazardous,0.8129
2025-10-11 15:09:40,hazardous,0.7948
2025-10-11 15:09:40,hazardous,0.7279
2025-10-11 15:09:40,hazardous,0.9061
2025-10-11 15:09:40,hazardous,0.8407
2025-10-11 15:09:40,hazardous,0.9070
2025-10-11 15:09:41,hazardous,0.9023
2025-10-11 15:09:41,hazardous,0.8743
2025-10-11 15:09:41,hazardous,0.9174
2025-10-11 15:09:41,hazardous,0.9839
2025-10-11 15:09:41,hazardous,0.9658
2025-10-11 15:09:41,hazardous,0.9891
2025-10-11 15:09:41,hazardous,0.9045
2025-10-11 15:09:41,hazardous,0.7496
2025-10-11 15:09:42,hazardous,0.7409
2025-10-11 15:09:42,hazardous,0.8279
2025-10-11 15:09:42,hazardous,0.7578
2025-10-11 15:09:42,hazardous,0.8994
2025-10-11 15:09:42,hazardous,0.8237
2025-10-11 15:09:43,hazardous,0.7318
2025-10-11 15:09:43,hazardous,0.7190
2025-10-11 15:09:43,hazardous,0.9290
2025-10-11 15:09:43,hazardous,0.8702
2025-10-11 15:09:44,hazardous,0.9580
2025-10-11 15:09:44,hazardous,0.9367
2025-10-11 15:09:44,hazardous,0.9265
2025-10-11 15:09:44,hazardous,0.9197
2025-10-11 15:09:44,hazardous,0.8938
2025-10-11 15:09:44,hazardous,0.9493
2025-10-11 15:09:44,hazardous,0.9163
2025-10-11 15:09:44,hazardous,0.9447
2025-10-11 15:09:45,hazardous,0.9378
2025-10-11 15:09:45,hazardous,0.9589
2025-10-11 15:09:45,hazardous,0.9137
2025-10-11 15:09:45,hazardous,0.9411
2025-10-11 15:09:45,hazardous,0.9104
2025-10-11 15:09:45,hazardous,0.8889
2025-10-11 15:09:45,hazardous,0.9188
2025-10-11 15:09:46,hazardous,0.7183
2025-10-11 15:09:46,hazardous,0.8844
2025-10-11 15:09:46,recyclable,0.8911
2025-10-11 15:09:46,recyclable,0.8362
2025-10-11 15:09:47,recyclable,0.9176
2025-10-11 15:09:47,recyclable,0.8329
2025-10-11 15:09:47,recyclable,0.7389
2025-10-11 15:09:47,recyclable,0.7126
2025-10-11 15:09:47,recyclable,0.7696
2025-10-11 15:09:48,recyclable,0.7593
2025-10-11 15:09:48,recyclable,0.8665
2025-10-11 15:09:48,hazardous,0.7108
2025-10-11 15:09:48,recyclable,0.8588
2025-10-11 15:09:49,recyclable,0.8852
2025-10-11 15:09:49,recyclable,0.7047
2025-10-11 15:09:49,recyclable,0.8594
2025-10-11 15:09:49,recyclable,0.8276
2025-10-11 15:09:50,hazardous,0.8783
2025-10-11 15:09:50,hazardous,0.8961
2025-10-11 15:09:50,hazardous,0.9634
2025-10-11 15:09:50,recyclable,0.9302
2025-10-11 15:09:50,recyclable,0.8393
2025-10-11 15:09:51,recyclable,0.8122
2025-10-11 15:09:51,hazardous,0.7608
2025-10-11 15:09:51,recyclable,0.9441
2025-10-11 15:09:51,recyclable,0.8602
2025-10-11 15:09:52,hazardous,0.7336
2025-10-11 15:09:52,hazardous,0.9027
2025-10-11 15:09:52,recyclable,0.8012
2025-10-11 15:09:52,recyclable,0.8505
2025-10-11 15:09:53,hazardous,0.7172
2025-10-11 15:09:53,hazardous,0.7252
2025-10-11 15:09:53,hazardous,0.9350
2025-10-11 15:09:54,hazardous,0.8187
2025-10-11 15:09:54,hazardous,0.7044
2025-10-11 15:09:54,hazardous,0.8080
2025-10-11 15:09:54,recyclable,0.7316
2025-10-11 15:09:55,recyclable,0.7133
2025-10-11 15:09:55,recyclable,0.9534
2025-10-11 15:09:55,recyclable,0.8561
2025-10-11 15:09:55,recyclable,0.9532
2025-10-11 15:09:55,recyclable,0.8501
2025-10-11 15:09:55,recyclable,0.9685
2025-10-11 15:09:55,recyclable,0.8566
2025-10-11 15:09:56,recyclable,0.8761
2025-10-11 15:09:56,recyclable,0.8503
2025-10-11 15:09:56,recyclable,0.9483
2025-10-11 15:09:56,recyclable,0.8292
2025-10-11 15:09:56,recyclable,0.8533
2025-10-11 15:09:56,recyclable,0.9964
2025-10-11 15:09:56,recyclable,0.9981
2025-10-11 15:09:57,recyclable,0.9875
2025-10-11 15:09:57,recyclable,0.7767
2025-10-11 15:09:57,recyclable,0.7055
2025-10-11 15:09:57,hazardous,0.9632
2025-10-11 15:09:57,hazardous,0.9419
2025-10-11 15:09:57,hazardous,0.9835
2025-10-11 15:09:58,hazardous,0.9686
2025-10-11 15:09:58,hazardous,0.9713
2025-10-11 15:09:58,hazardous,0.8543
2025-10-11 15:09:58,hazardous,0.8918
2025-10-11 15:09:58,hazardous,0.7923
2025-10-11 15:09:58,hazardous,0.7896
2025-10-11 15:09:58,hazardous,0.8764
2025-10-11 15:09:58,hazardous,0.8309
2025-10-11 15:09:59,hazardous,0.7951
2025-10-11 15:09:59,hazardous,0.9632
2025-10-11 15:09:59,hazardous,0.9822
2025-10-11 15:09:59,hazardous,0.9773
2025-10-11 15:09:59,hazardous,0.9528
2025-10-11 15:09:59,hazardous,0.9535
2025-10-11 15:09:59,hazardous,0.9253
2025-10-11 15:09:59,hazardous,0.9347
2025-10-11 15:09:59,hazardous,0.8505
2025-10-11 15:10:00,recyclable,0.8866
2025-10-11 15:10:00,recyclable,0.9469
2025-10-11 15:10:00,recyclable,0.9819
2025-10-11 15:10:00,recyclable,0.9860
2025-10-11 15:10:00,recyclable,0.9762
2025-10-11 15:10:01,recyclable,0.9302
2025-10-11 15:10:01,recyclable,0.9539
2025-10-11 15:10:01,hazardous,0.8918
2025-10-11 15:10:01,recyclable,0.8214
2025-10-11 15:10:01,hazardous,0.8295
2025-10-11 15:10:01,hazardous,0.7862
2025-10-11 15:10:01,hazardous,0.7725
2025-10-11 15:10:02,hazardous,0.9475
2025-10-11 15:10:02,hazardous,0.9556
2025-10-11 15:10:02,hazardous,0.9307
2025-10-11 15:10:02,hazardous,0.9787
2025-10-11 15:10:02,hazardous,0.9767
2025-10-11 15:10:02,hazardous,0.9719
2025-10-11 15:10:02,hazardous,0.9650
2025-10-11 15:10:02,hazardous,0.9507
2025-10-11 15:10:03,hazardous,0.9734
2025-10-11 15:10:03,hazardous,0.9525
2025-10-11 15:10:03,hazardous,0.9577
2025-10-11 15:10:03,hazardous,0.9695
2025-10-11 15:10:03,hazardous,0.9779
2025-10-11 15:10:03,hazardous,0.9121
2025-10-11 15:10:04,hazardous,0.8216
2025-10-11 15:10:04,recyclable,0.7475
2025-10-11 15:10:04,recyclable,0.9208
2025-10-11 15:10:04,recyclable,0.9177
2025-10-11 15:10:04,recyclable,0.9351
2025-10-11 15:10:04,recyclable,0.9306
2025-10-11 15:10:05,recyclable,0.9297
2025-10-11 15:10:05,recyclable,0.9276
2025-10-11 15:10:05,recyclable,0.9257
2025-10-11 15:10:05,recyclable,0.9075
2025-10-11 15:10:05,recyclable,0.9189
2025-10-11 15:10:05,recyclable,0.9232
2025-10-11 15:10:05,recyclable,0.9254
2025-10-11 15:10:05,recyclable,0.9201
2025-10-11 15:10:05,recyclable,0.9273
2025-10-11 15:10:06,recyclable,0.9156
2025-10-11 15:10:06,recyclable,0.9172
2025-10-11 15:10:06,recyclable,0.9120
2025-10-11 15:10:06,recyclable,0.9236
2025-10-11 15:10:06,recyclable,0.9123
2025-10-11 15:10:06,recyclable,0.9168
2025-10-11 15:10:06,recyclable,0.9180
2025-10-11 15:10:07,recyclable,0.9222
2025-10-11 15:10:07,recyclable,0.9120
2025-10-11 15:10:07,recyclable,0.9152
2025-10-11 15:10:07,recyclable,0.9127
2025-10-11 15:10:07,recyclable,0.9227
2025-10-11 15:10:07,recyclable,0.9109
2025-10-11 15:10:07,recyclable,0.9259
2025-10-11 15:10:07,recyclable,0.9137
2025-10-11 15:10:08,recyclable,0.9161
2025-10-11 15:10:08,recyclable,0.9219
2025-10-11 15:10:08,recyclable,0.9147
2025-10-11 15:10:08,recyclable,0.9197
2025-10-11 15:10:08,recyclable,0.9202
2025-10-11 15:10:08,recyclable,0.9208
2025-10-11 15:10:08,recyclable,0.9210
2025-10-11 15:10:08,recyclable,0.9278
2025-10-11 15:10:09,recyclable,0.9237
2025-10-11 15:10:09,hazardous,0.8468
2025-10-11 15:10:10,hazardous,0.7310
2025-10-11 15:10:11,hazardous,0.7731
2025-10-11 15:10:11,hazardous,0.7773
2025-10-11 15:10:11,hazardous,0.8639
2025-10-11 15:10:11,hazardous,0.7579
2025-10-11 15:10:12,hazardous,0.8631
2025-10-11 15:10:12,hazardous,0.8939
2025-10-11 15:10:12,hazardous,0.8496
2025-10-11 15:10:12,hazardous,0.9041
2025-10-11 15:10:12,hazardous,0.8901
2025-10-11 15:10:13,hazardous,0.9381
2025-10-11 15:10:13,hazardous,0.9714
2025-10-11 15:10:13,hazardous,0.9708
2025-10-11 15:10:13,hazardous,0.8414
2025-10-11 15:10:13,hazardous,0.9317
2025-10-11 15:10:13,hazardous,0.9462
2025-10-11 15:10:13,hazardous,0.9267
2025-10-11 15:10:13,hazardous,0.9668
2025-10-11 15:10:14,hazardous,0.9629
2025-10-11 15:10:14,hazardous,0.9666
2025-10-11 15:10:14,hazardous,0.9118
2025-10-11 15:10:14,hazardous,0.9457
2025-10-11 15:10:14,hazardous,0.9277
2025-10-11 15:10:14,hazardous,0.9381
2025-10-11 15:10:14,hazardous,0.9341
2025-10-11 15:10:15,hazardous,0.9399
2025-10-11 15:10:15,hazardous,0.8957
2025-10-11 15:10:15,hazardous,0.8911
2025-10-11 15:10:15,hazardous,0.8441
2025-10-11 15:10:15,hazardous,0.8496
2025-10-11 15:10:15,hazardous,0.8754
2025-10-11 15:10:15,hazardous,0.8384
2025-10-11 15:10:16,hazardous,0.7801
2025-10-11 15:10:16,hazardous,0.8706
2025-10-11 15:10:16,hazardous,0.9156
2025-10-11 15:10:16,hazardous,0.7694
2025-10-11 15:10:16,hazardous,0.8965
2025-10-11 15:10:16,hazardous,0.8239
2025-10-11 15:10:17,hazardous,0.8876
2025-10-11 15:10:17,hazardous,0.8271
2025-10-11 15:10:17,hazardous,0.8553
2025-10-11 15:10:17,hazardous,0.8382
2025-10-11 15:10:17,hazardous,0.7153
2025-10-11 15:10:17,hazardous,0.8139
2025-10-11 15:10:17,hazardous,0.8270
2025-10-11 15:10:17,hazardous,0.8840
2025-10-11 15:10:18,hazardous,0.8428
2025-10-11 15:10:18,hazardous,0.9287
2025-10-11 15:10:18,hazardous,0.9796
2025-10-11 15:10:18,hazardous,0.9759
2025-10-11 15:10:18,hazardous,0.9790
2025-10-11 15:10:18,hazardous,0.9770
2025-10-11 15:10:18,hazardous,0.9784
2025-10-11 15:10:18,hazardous,0.9763
2025-10-11 15:10:19,hazardous,0.9794
2025-10-11 15:10:19,hazardous,0.9392
2025-10-11 15:10:19,hazardous,0.9394
2025-10-11 15:10:19,hazardous,0.9065
2025-10-11 15:10:19,hazardous,0.9563
2025-10-11 15:10:19,hazardous,0.9684
2025-10-11 15:10:19,hazardous,0.9759
2025-10-11 15:10:20,hazardous,0.9781
2025-10-11 15:10:20,hazardous,0.9671
2025-10-11 15:10:20,hazardous,0.9320
2025-10-11 15:10:20,hazardous,0.8792
2025-10-11 15:10:20,hazardous,0.8592
2025-10-11 15:10:20,hazardous,0.7684
2025-10-11 15:10:20,hazardous,0.7817
2025-10-11 15:10:21,hazardous,0.7884
2025-10-11 15:10:21,hazardous,0.9144
2025-10-11 15:10:21,hazardous,0.9686
2025-10-11 15:10:21,hazardous,0.9656
2025-10-11 15:10:21,hazardous,0.9556
2025-10-11 15:10:21,hazardous,0.9398
2025-10-11 15:10:22,hazardous,0.8730
2025-10-11 15:10:22,hazardous,0.9110
2025-10-11 15:10:22,hazardous,0.9166
2025-10-11 15:10:22,hazardous,0.8126
2025-10-11 15:10:22,hazardous,0.9013
2025-10-11 15:10:22,hazardous,0.8685
2025-10-11 15:10:22,hazardous,0.8261
2025-10-11 15:10:23,hazardous,0.7921
2025-10-11 15:10:23,hazardous,0.8141
2025-10-11 15:10:23,hazardous,0.7826
2025-10-11 15:10:23,hazardous,0.8243
2025-10-11 19:32:47,recyclable,0.9144
2025-10-11 19:32:47,recyclable,0.9548
2025-10-11 19:32:48,recyclable,0.9100
2025-10-11 19:32:48,recyclable,0.9673
2025-10-11 19:32:48,recyclable,0.9221
2025-10-11 19:32:48,recyclable,0.9506
2025-10-11 19:32:48,recyclable,0.9198
2025-10-11 19:32:48,recyclable,0.7597
2025-10-11 19:32:48,recyclable,0.8385
2025-10-11 19:32:49,recyclable,0.9345
2025-10-11 19:32:49,recyclable,0.9457
2025-10-11 19:32:49,recyclable,0.9718
2025-10-11 19:32:49,recyclable,0.9673
2025-10-11 19:32:49,recyclable,0.9788
2025-10-11 19:32:49,recyclable,0.9646
2025-10-11 19:32:49,recyclable,0.9799
2025-10-11 19:32:50,recyclable,0.9621
2025-10-11 19:32:50,recyclable,0.9419
2025-10-11 19:32:50,recyclable,0.9644
2025-10-11 19:32:50,recyclable,0.9753
2025-10-11 19:32:50,recyclable,0.9334
2025-10-11 19:32:50,recyclable,0.9334
2025-10-11 19:32:50,recyclable,0.9480
2025-10-11 19:32:50,recyclable,0.9573
2025-10-11 19:32:50,recyclable,0.9728
2025-10-11 19:32:51,recyclable,0.9711
2025-10-11 19:32:51,recyclable,0.9170
2025-10-11 19:32:51,recyclable,0.8205
2025-10-11 19:32:51,recyclable,0.8831
2025-10-11 19:32:51,recyclable,0.9760
2025-10-11 19:32:51,recyclable,0.7386
2025-10-11 19:32:51,recyclable,0.7386
2025-10-11 19:32:52,recyclable,0.7382
2025-10-11 19:32:52,recyclable,0.8015
2025-10-11 19:32:52,recyclable,0.7212
2025-10-11 19:32:53,recyclable,0.8955
2025-10-11 19:32:53,recyclable,0.7679
2025-10-11 19:32:53,hazardous,0.7321
2025-10-11 19:32:53,recyclable,0.8464
2025-10-11 19:32:54,recyclable,0.7761
2025-10-11 19:32:54,recyclable,0.7568
2025-10-11 19:32:54,recyclable,0.8802
2025-10-11 19:32:54,recyclable,0.7074
2025-10-11 19:32:55,recyclable,0.7766
2025-10-11 19:32:55,hazardous,0.7622
2025-10-11 19:32:56,hazardous,0.8047
2025-10-11 19:32:56,hazardous,0.7212
2025-10-11 19:32:57,hazardous,0.7578
2025-10-11 19:32:57,hazardous,0.7221
2025-10-11 19:32:58,recyclable,0.8988
2025-10-11 19:32:58,recyclable,0.9300
2025-10-11 19:32:58,recyclable,0.8536
2025-10-11 19:32:58,recyclable,0.7183
2025-10-11 19:32:58,recyclable,0.8984
2025-10-11 19:32:58,recyclable,0.8520
2025-10-11 19:32:59,recyclable,0.8720
2025-10-11 19:32:59,recyclable,0.7508
2025-10-11 19:32:59,recyclable,0.7377
2025-10-11 19:32:59,recyclable,0.8194
2025-10-11 19:32:59,recyclable,0.8609
2025-10-11 19:32:59,recyclable,0.8933
2025-10-11 19:33:00,recyclable,0.8475
2025-10-11 19:33:00,recyclable,0.7072
2025-10-11 19:33:00,recyclable,0.8031
2025-10-11 19:33:00,recyclable,0.7882
2025-10-11 19:33:00,recyclable,0.8549
2025-10-11 19:33:00,recyclable,0.8549
2025-10-11 19:33:00,recyclable,0.9056
2025-10-11 19:33:01,recyclable,0.7844
2025-10-11 19:33:01,recyclable,0.7733
2025-10-11 19:33:01,recyclable,0.7161
2025-10-11 19:33:02,recyclable,0.7598
2025-10-11 19:33:02,recyclable,0.8779
2025-10-11 19:33:02,recyclable,0.8080
2025-10-11 19:33:02,recyclable,0.9020
2025-10-11 19:33:02,recyclable,0.9556
2025-10-11 19:33:02,recyclable,0.9415
2025-10-11 19:33:02,recyclable,0.9415
2025-10-11 19:33:02,recyclable,0.8080
2025-10-11 19:33:02,recyclable,0.8397
2025-10-11 19:33:03,hazardous,0.7836
2025-10-11 19:33:03,hazardous,0.8029
2025-10-11 19:33:03,hazardous,0.7288
2025-10-11 19:33:04,hazardous,0.8422
2025-10-11 19:33:04,hazardous,0.8422
2025-10-11 19:33:04,hazardous,0.7531
2025-10-11 19:33:04,hazardous,0.7279
2025-10-11 19:33:04,hazardous,0.9640
2025-10-11 19:33:04,hazardous,0.7976
2025-10-11 19:33:04,hazardous,0.7929
2025-10-11 19:33:04,hazardous,0.8468
2025-10-11 19:33:04,hazardous,0.7054
2025-10-11 19:33:05,recyclable,0.7435
2025-10-11 19:33:05,recyclable,0.7540
2025-10-11 19:33:06,recyclable,0.8049
2025-10-11 19:33:06,recyclable,0.7002
2025-10-11 19:33:06,recyclable,0.9255
2025-10-11 19:33:07,recyclable,0.7525
2025-10-11 19:33:08,hazardous,0.7256
2025-10-11 19:33:08,hazardous,0.7848
2025-10-11 19:33:08,hazardous,0.7512
2025-10-11 19:33:08,hazardous,0.7704
2025-10-11 19:33:09,hazardous,0.7654
2025-10-11 19:33:09,hazardous,0.9160
2025-10-11 19:33:09,hazardous,0.9062
2025-10-11 19:33:10,hazardous,0.9230
2025-10-11 19:33:10,hazardous,0.7347
2025-10-11 19:33:10,hazardous,0.7639
2025-10-11 19:33:10,hazardous,0.9531
2025-10-11 19:33:10,hazardous,0.9916
2025-10-11 19:33:10,hazardous,0.8695
2025-10-11 19:33:10,hazardous,0.8870
2025-10-11 19:33:11,hazardous,0.7621
2025-10-11 19:33:11,hazardous,0.9471
2025-10-11 19:33:11,hazardous,0.8985
2025-10-11 19:33:11,hazardous,0.8784
2025-10-11 19:33:11,hazardous,0.8456
2025-10-11 19:33:11,hazardous,0.9330
2025-10-11 19:33:11,hazardous,0.9297
2025-10-11 19:33:12,hazardous,0.9329
2025-10-11 19:33:12,hazardous,0.9063
2025-10-11 19:33:12,hazardous,0.8245
2025-10-11 19:33:12,hazardous,0.7160
2025-10-11 19:33:12,hazardous,0.8104
2025-10-11 19:33:12,hazardous,0.7718
2025-10-11 19:33:12,hazardous,0.8974
2025-10-11 19:33:12,hazardous,0.9020
2025-10-11 19:33:13,hazardous,0.9356
2025-10-11 19:33:13,hazardous,0.9102
2025-10-11 19:33:13,hazardous,0.9093
2025-10-11 19:33:13,hazardous,0.9334
2025-10-11 19:33:13,hazardous,0.9138
2025-10-11 19:33:13,hazardous,0.8880
2025-10-11 19:33:13,hazardous,0.8984
2025-10-11 19:33:13,hazardous,0.8895
2025-10-11 19:33:14,hazardous,0.8024
2025-10-11 19:33:14,hazardous,0.9783
2025-10-11 19:33:14,hazardous,0.8083
2025-10-11 19:33:14,hazardous,0.9267
2025-10-11 19:33:14,hazardous,0.9241
2025-10-11 19:33:16,hazardous,0.8371
2025-10-11 19:33:17,hazardous,0.8428
2025-10-11 19:33:17,hazardous,0.9030
2025-10-11 19:33:17,hazardous,0.7543
2025-10-11 19:33:17,hazardous,0.7944
2025-10-11 19:33:18,hazardous,0.8197
2025-10-11 19:33:18,hazardous,0.7936
2025-10-11 19:33:19,hazardous,0.7579
2025-10-11 19:33:19,hazardous,0.8676
2025-10-11 19:33:19,hazardous,0.7789
2025-10-11 19:33:19,hazardous,0.8246
2025-10-11 19:33:19,hazardous,0.9093
2025-10-11 19:33:19,hazardous,0.8921
2025-10-11 19:33:20,hazardous,0.9372
2025-10-11 19:33:20,hazardous,0.7548
2025-10-11 19:33:20,hazardous,0.8042
2025-10-11 19:33:20,hazardous,0.8122
2025-10-11 19:33:21,hazardous,0.7695
2025-10-11 19:33:21,hazardous,0.8125
2025-10-11 19:33:21,hazardous,0.8373
2025-10-11 19:33:21,hazardous,0.7855
2025-10-11 19:33:22,hazardous,0.7287
2025-10-11 19:33:22,recyclable,0.8498
2025-10-11 19:33:22,recyclable,0.8631
2025-10-11 19:33:22,recyclable,0.8114
2025-10-11 19:33:23,recyclable,0.7515
2025-10-11 19:33:23,recyclable,0.7368
2025-10-11 19:33:23,recyclable,0.9508
2025-10-11 19:33:23,recyclable,0.9508
2025-10-11 19:33:24,recyclable,0.9507
2025-10-11 19:33:24,recyclable,0.9509
2025-10-11 19:33:24,recyclable,0.9508
2025-10-11 19:33:24,recyclable,0.9508
2025-10-11 19:33:24,recyclable,0.9510
2025-10-11 19:33:24,recyclable,0.9510
2025-10-11 19:33:24,recyclable,0.9510
2025-10-11 19:33:24,recyclable,0.9509
2025-10-11 19:33:25,recyclable,0.9510
2025-10-11 19:33:25,recyclable,0.9513
2025-10-11 19:33:25,recyclable,0.9515
2025-10-11 19:33:25,recyclable,0.9515
2025-10-11 19:33:25,recyclable,0.9515
2025-10-11 19:33:25,recyclable,0.9515
2025-10-11 19:33:25,recyclable,0.9515
2025-10-11 19:33:26,recyclable,0.9514
2025-10-11 19:33:26,recyclable,0.9514
2025-10-11 19:33:26,recyclable,0.9516
2025-10-11 19:33:26,recyclable,0.9514
2025-10-11 19:33:26,recyclable,0.9516
2025-10-11 19:33:26,recyclable,0.9517
2025-10-11 19:33:26,recyclable,0.9513
2025-10-11 19:33:26,recyclable,0.9515
2025-10-11 19:33:27,recyclable,0.9515
2025-10-11 19:33:27,recyclable,0.9515
2025-10-11 19:33:27,recyclable,0.9516
2025-10-11 19:33:27,recyclable,0.9513
2025-10-11 19:33:27,recyclable,0.9516
2025-10-11 19:33:27,recyclable,0.9513
2025-10-11 19:33:27,recyclable,0.9513
2025-10-11 19:33:28,recyclable,0.9515
2025-10-11 19:33:28,recyclable,0.9516
2025-10-11 19:33:28,recyclable,0.9515
2025-10-11 19:33:28,recyclable,0.9517
2025-10-11 19:33:28,recyclable,0.9515
2025-10-11 19:33:28,recyclable,0.9515
2025-10-11 19:33:29,recyclable,0.9517
2025-10-11 19:33:29,recyclable,0.9517
2025-10-11 19:33:29,recyclable,0.9516
2025-10-11 19:33:29,recyclable,0.9514
2025-10-11 19:33:29,recyclable,0.9517
2025-10-11 19:33:29,recyclable,0.9515
2025-10-11 19:33:29,recyclable,0.9514
2025-10-11 19:33:29,recyclable,0.9516
2025-10-11 19:33:29,recyclable,0.9515
2025-10-11 19:33:30,recyclable,0.9515
2025-10-11 19:33:30,recyclable,0.9517
2025-10-11 19:33:30,recyclable,0.9517
2025-10-11 19:33:30,recyclable,0.9515
2025-10-11 19:33:30,recyclable,0.9518
2025-10-11 19:33:30,recyclable,0.9516
2025-10-11 19:33:30,recyclable,0.9517
2025-10-11 19:33:30,recyclable,0.9517
2025-10-11 19:33:31,recyclable,0.9517
2025-10-11 19:33:31,recyclable,0.9517
2025-10-11 19:33:31,recyclable,0.9517
2025-10-11 19:33:31,recyclable,0.9516
2025-10-11 19:33:31,recyclable,0.9516
2025-10-11 19:33:31,recyclable,0.9515
2025-10-11 19:33:31,recyclable,0.9516
2025-10-11 19:33:31,recyclable,0.9516
2025-10-11 19:33:31,recyclable,0.9516
2025-10-11 19:33:32,recyclable,0.9516
2025-10-11 19:33:32,recyclable,0.9517
2025-10-11 19:33:32,recyclable,0.9516
2025-10-11 19:33:32,recyclable,0.9518
2025-10-11 19:33:32,recyclable,0.9519
2025-10-11 19:33:32,recyclable,0.9518
2025-10-11 19:33:32,recyclable,0.9517
2025-10-11 19:33:32,recyclable,0.9516
2025-10-11 19:33:33,recyclable,0.9518
2025-10-11 19:33:33,recyclable,0.9515
2025-10-11 19:33:33,recyclable,0.9517
2025-10-11 19:33:33,recyclable,0.9518
2025-10-11 19:33:33,recyclable,0.9517
2025-10-11 19:33:33,recyclable,0.9516
2025-10-11 19:33:33,recyclable,0.9515
2025-10-11 19:33:33,recyclable,0.9517
2025-10-11 19:33:34,recyclable,0.9514
2025-10-11 19:33:34,recyclable,0.7779
2025-10-11 19:33:34,recyclable,0.7779
2025-10-11 19:33:34,recyclable,0.7905
2025-10-11 19:33:34,recyclable,0.8500
2025-10-11 19:33:35,hazardous,0.8688
2025-10-11 19:33:35,hazardous,0.8176
2025-10-11 19:33:35,hazardous,0.8540
2025-10-11 19:33:35,hazardous,0.7177
2025-10-11 19:33:35,hazardous,0.7586
2025-10-11 19:33:36,hazardous,0.9559
2025-10-11 19:33:36,hazardous,0.9861
2025-10-11 19:33:36,hazardous,0.9707
2025-10-11 19:33:36,hazardous,0.9823
2025-10-11 19:33:36,hazardous,0.9710
2025-10-11 19:33:36,hazardous,0.9880
2025-10-11 19:33:37,hazardous,0.9812
2025-10-11 19:33:37,hazardous,0.9820
2025-10-11 19:33:37,hazardous,0.9460
2025-10-11 19:33:37,hazardous,0.8975
2025-10-11 19:33:37,hazardous,0.9426
2025-10-11 19:33:37,hazardous,0.8759
2025-10-11 19:33:37,hazardous,0.9575
2025-10-11 19:33:37,hazardous,0.9575
2025-10-11 19:33:37,hazardous,0.9655
2025-10-11 19:33:38,hazardous,0.9356
2025-10-11 19:33:38,hazardous,0.9637
2025-10-11 19:33:38,hazardous,0.7952
2025-10-11 19:33:38,hazardous,0.9531
2025-10-11 19:33:38,hazardous,0.9693
2025-10-11 19:33:39,hazardous,0.9746
2025-10-11 19:33:39,hazardous,0.7392
2025-10-11 19:33:39,hazardous,0.9169
2025-10-11 19:33:39,hazardous,0.9411
2025-10-11 19:33:39,hazardous,0.9618
2025-10-11 19:33:39,hazardous,0.9065
2025-10-11 19:33:40,hazardous,0.8726
2025-10-11 19:33:40,hazardous,0.7013
2025-10-11 19:33:40,hazardous,0.9775
2025-10-11 19:33:40,hazardous,0.8463
2025-10-11 19:33:40,hazardous,0.9094
2025-10-11 19:33:40,hazardous,0.9094
2025-10-11 19:33:40,hazardous,0.8394
2025-10-11 19:33:41,hazardous,0.8735
2025-10-11 19:33:41,hazardous,0.8646
2025-10-11 19:33:41,hazardous,0.9493
2025-10-11 19:33:42,hazardous,0.8918
2025-10-11 19:33:42,hazardous,0.8681
2025-10-11 19:33:42,hazardous,0.9643
2025-10-11 19:33:42,hazardous,0.8958
2025-10-11 19:33:43,recyclable,0.9679
2025-10-11 19:33:43,recyclable,0.8887
2025-10-11 19:33:44,recyclable,0.8109
2025-10-11 19:33:44,recyclable,0.8079
2025-10-11 19:33:44,recyclable,0.7561
2025-10-11 19:33:44,recyclable,0.8654
2025-10-11 19:33:44,recyclable,0.7784
2025-10-11 19:33:44,recyclable,0.9508
2025-10-11 19:33:44,recyclable,0.9508
2025-10-11 19:33:44,recyclable,0.9507
2025-10-11 19:33:45,recyclable,0.9508
2025-10-11 19:33:45,recyclable,0.9507
2025-10-11 19:33:45,recyclable,0.9507
2025-10-11 19:33:45,recyclable,0.9508
2025-10-11 19:33:45,recyclable,0.9509
2025-10-11 19:33:45,recyclable,0.9511
2025-10-11 19:33:45,recyclable,0.9508
2025-10-11 19:33:45,recyclable,0.9509
2025-10-11 19:33:46,recyclable,0.9509
2025-10-11 19:33:46,recyclable,0.9509
2025-10-11 19:33:46,recyclable,0.9510
2025-10-11 19:33:46,recyclable,0.9509
2025-10-11 19:33:46,recyclable,0.9509
2025-10-11 19:33:46,recyclable,0.9512
2025-10-11 19:33:46,recyclable,0.9512
2025-10-11 19:33:47,recyclable,0.9510
2025-10-11 19:33:47,recyclable,0.9511
2025-10-11 19:33:47,recyclable,0.9512
2025-10-11 19:33:47,recyclable,0.9510
2025-10-11 19:33:47,recyclable,0.9513
2025-10-11 19:33:47,recyclable,0.9513
2025-10-11 19:33:48,recyclable,0.9511
2025-10-11 19:33:48,recyclable,0.9511
2025-10-11 19:33:48,recyclable,0.9510
2025-10-11 19:33:48,recyclable,0.9510
2025-10-11 19:33:48,recyclable,0.9510
2025-10-11 19:33:48,recyclable,0.9508
2025-10-11 19:33:48,recyclable,0.9511
2025-10-11 19:33:48,recyclable,0.9511
2025-10-11 19:33:48,recyclable,0.9511
2025-10-11 19:33:49,recyclable,0.9510
2025-10-11 19:33:49,recyclable,0.9510
2025-10-11 19:33:49,recyclable,0.9511
2025-10-11 19:33:49,recyclable,0.9511
2025-10-11 19:33:49,recyclable,0.9509
2025-10-11 19:33:49,recyclable,0.9513
2025-10-11 19:33:49,recyclable,0.9511
2025-10-11 19:33:50,recyclable,0.9511
2025-10-11 19:33:50,recyclable,0.9510
2025-10-11 19:33:50,recyclable,0.9510
2025-10-11 19:33:50,recyclable,0.9511
2025-10-11 19:33:50,recyclable,0.9510
2025-10-11 19:33:50,recyclable,0.9511
2025-10-11 19:33:50,recyclable,0.9512
2025-10-11 19:33:51,recyclable,0.9510
2025-10-11 19:33:51,recyclable,0.9512
2025-10-11 19:33:51,recyclable,0.9510
2025-10-11 19:33:51,recyclable,0.9510
2025-10-11 19:33:51,recyclable,0.9511
2025-10-11 19:33:51,recyclable,0.9513
2025-10-11 19:33:51,recyclable,0.9512
2025-10-11 19:33:51,recyclable,0.9511
2025-10-11 19:33:52,recyclable,0.9512
2025-10-11 19:33:52,recyclable,0.9512
2025-10-11 19:33:52,recyclable,0.9512
2025-10-11 19:33:52,recyclable,0.9510
2025-10-11 19:33:52,recyclable,0.9512
2025-10-11 19:33:52,recyclable,0.9512
2025-10-11 19:33:53,recyclable,0.9513
2025-10-11 19:33:53,recyclable,0.9511
2025-10-11 19:33:53,recyclable,0.9512
2025-10-11 19:33:53,recyclable,0.9512
2025-10-11 19:33:53,recyclable,0.9511
2025-10-11 19:33:53,recyclable,0.9511
2025-10-11 19:33:53,recyclable,0.9512
2025-10-11 19:33:53,recyclable,0.9512
2025-10-11 19:33:54,recyclable,0.9512
2025-10-11 19:33:54,recyclable,0.9510
2025-10-11 19:33:54,recyclable,0.9511
2025-10-11 19:33:54,recyclable,0.9511
2025-10-11 19:33:54,recyclable,0.9512
2025-10-11 19:33:54,recyclable,0.9511
2025-10-11 19:33:54,recyclable,0.9513
2025-10-11 19:33:54,recyclable,0.9511
2025-10-11 19:33:55,recyclable,0.9511
2025-10-11 19:33:55,recyclable,0.9512
2025-10-11 19:33:55,recyclable,0.9515
2025-10-11 19:33:55,recyclable,0.9514
2025-10-11 19:33:55,recyclable,0.9515
2025-10-11 19:33:55,recyclable,0.9514
2025-10-11 19:33:55,recyclable,0.9514
2025-10-11 19:33:55,recyclable,0.9512
2025-10-11 19:33:56,recyclable,0.9513
2025-10-11 19:33:56,recyclable,0.9513
2025-10-11 19:33:56,recyclable,0.9513
2025-10-11 19:33:56,recyclable,0.9514
2025-10-11 19:33:56,recyclable,0.9515
2025-10-11 19:33:56,recyclable,0.9512
2025-10-11 19:33:56,recyclable,0.9516
2025-10-11 19:33:56,recyclable,0.9514
2025-10-11 19:33:56,recyclable,0.9514
2025-10-11 19:33:57,recyclable,0.9513
2025-10-11 19:33:57,recyclable,0.9513
2025-10-11 19:33:57,recyclable,0.9514
2025-10-11 19:33:57,recyclable,0.9515
2025-10-11 19:33:57,recyclable,0.9515
2025-10-11 19:33:57,recyclable,0.9515
2025-10-11 19:33:57,recyclable,0.9515
2025-10-11 19:33:57,recyclable,0.9513
2025-10-11 19:33:58,recyclable,0.9515
2025-10-11 19:33:58,recyclable,0.9515
2025-10-11 19:33:58,recyclable,0.9516
2025-10-11 19:33:58,recyclable,0.9515
2025-10-11 19:33:58,recyclable,0.9516
2025-10-11 19:33:58,recyclable,0.9516
2025-10-11 19:33:58,recyclable,0.9515
2025-10-11 19:33:59,recyclable,0.9516
2025-10-11 19:33:59,recyclable,0.9515
2025-10-11 19:33:59,recyclable,0.9513
2025-10-11 19:33:59,recyclable,0.9515
2025-10-11 19:34:00,recyclable,0.8571
2025-10-11 19:34:00,recyclable,0.9468
2025-10-11 19:34:00,recyclable,0.9363
2025-10-11 19:34:00,recyclable,0.7694
2025-10-11 19:34:00,hazardous,0.7119
2025-10-11 19:34:00,hazardous,0.8407
2025-10-11 19:34:01,hazardous,0.8318
2025-10-11 19:34:01,hazardous,0.9013
2025-10-11 19:34:01,hazardous,0.8804
2025-10-11 19:34:01,hazardous,0.9513
2025-10-11 19:34:01,hazardous,0.9495
2025-10-11 19:34:01,hazardous,0.9274
2025-10-11 19:34:01,hazardous,0.9253
2025-10-11 19:34:02,hazardous,0.9092
2025-10-11 19:34:02,hazardous,0.7581
2025-10-11 19:34:02,hazardous,0.7750
2025-10-11 19:34:02,hazardous,0.7506
2025-10-11 19:34:02,hazardous,0.8361
2025-10-11 19:34:02,hazardous,0.7922
2025-10-11 19:34:03,hazardous,0.7808
2025-10-11 19:34:03,hazardous,0.7135
2025-10-11 19:34:03,hazardous,0.8845
2025-10-11 19:34:03,hazardous,0.8193
2025-10-11 19:34:03,hazardous,0.8724
2025-10-11 19:34:03,hazardous,0.8724
2025-10-11 19:34:04,hazardous,0.7767
2025-10-11 19:34:04,hazardous,0.8422
2025-10-11 19:34:04,hazardous,0.7649
2025-10-11 19:34:04,hazardous,0.7977
2025-10-11 19:34:05,hazardous,0.7376
2025-10-11 19:34:05,hazardous,0.7264
2025-10-11 19:34:05,hazardous,0.7600
2025-10-11 19:34:05,hazardous,0.7840
2025-10-11 19:34:05,hazardous,0.8390
2025-10-11 19:34:06,hazardous,0.7415
2025-10-11 19:34:06,hazardous,0.9526
2025-10-11 19:34:06,hazardous,0.9632
2025-10-11 19:34:06,hazardous,0.9544
2025-10-11 19:34:07,hazardous,0.9352
2025-10-11 19:34:07,hazardous,0.8535
2025-10-11 19:34:07,hazardous,0.9722
2025-10-11 19:34:07,hazardous,0.9683
2025-10-11 19:34:07,hazardous,0.9396
2025-10-11 19:34:07,hazardous,0.8847
2025-10-11 19:34:07,hazardous,0.9883
2025-10-11 19:34:07,hazardous,0.9865
2025-10-11 19:34:08,hazardous,0.9762
2025-10-11 19:34:08,hazardous,0.9784
2025-10-11 19:34:08,hazardous,0.9725
2025-10-11 19:34:08,hazardous,0.9846
2025-10-11 19:34:08,hazardous,0.9858
2025-10-11 19:34:08,hazardous,0.9851
2025-10-11 19:34:08,hazardous,0.9941
2025-10-11 19:34:08,hazardous,0.9932
2025-10-11 19:34:09,hazardous,0.9932
2025-10-11 19:34:09,hazardous,0.9758
2025-10-11 19:34:09,hazardous,0.9957
2025-10-11 19:34:09,hazardous,0.8996
2025-10-11 19:34:09,hazardous,0.9399
2025-10-11 19:34:09,hazardous,0.8669
2025-10-11 19:34:09,hazardous,0.8432
2025-10-11 19:34:10,hazardous,0.8816
2025-10-11 19:34:10,recyclable,0.8252
2025-10-11 19:34:11,recyclable,0.8950
2025-10-11 19:34:11,hazardous,0.9572
2025-10-11 19:34:11,hazardous,0.9324
2025-10-11 19:34:11,hazardous,0.7506
2025-10-11 19:34:11,hazardous,0.7506
2025-10-11 19:34:11,recyclable,0.9532
2025-10-11 19:34:11,recyclable,0.9508
2025-10-11 19:34:12,hazardous,0.7357
2025-10-11 19:34:13,recyclable,0.9509
2025-10-11 19:34:13,recyclable,0.9508
2025-10-11 19:34:13,recyclable,0.9508
2025-10-11 19:34:13,recyclable,0.9507
2025-10-11 19:34:13,recyclable,0.9508
2025-10-11 19:34:13,recyclable,0.9509
2025-10-11 19:34:13,recyclable,0.9509
2025-10-11 19:34:14,recyclable,0.9508
2025-10-11 19:34:14,recyclable,0.9505
2025-10-11 19:34:14,recyclable,0.9508
2025-10-11 19:34:14,recyclable,0.9507
2025-10-11 19:34:14,recyclable,0.9517
2025-10-11 19:34:14,recyclable,0.9519
2025-10-11 19:34:14,recyclable,0.9517
2025-10-11 19:34:15,recyclable,0.9514
2025-10-11 19:34:15,recyclable,0.9521
2025-10-11 19:34:15,recyclable,0.9521
2025-10-11 19:34:15,recyclable,0.9518
2025-10-11 19:34:15,recyclable,0.9523
2025-10-11 19:34:15,recyclable,0.9518
2025-10-11 19:34:15,recyclable,0.9521
2025-10-11 19:34:16,recyclable,0.9517
2025-10-11 19:34:16,recyclable,0.9519
2025-10-11 19:34:16,recyclable,0.9520
2025-10-11 19:34:16,recyclable,0.9519
2025-10-11 19:34:16,recyclable,0.9522
2025-10-11 19:34:16,recyclable,0.9521
2025-10-11 19:34:16,recyclable,0.9526
2025-10-11 19:34:16,recyclable,0.9523
2025-10-11 19:34:17,recyclable,0.9523
2025-10-11 19:34:17,recyclable,0.9521
2025-10-11 19:34:17,recyclable,0.9522
2025-10-11 19:34:17,recyclable,0.9525
2025-10-11 19:34:17,recyclable,0.9525
2025-10-11 19:34:17,recyclable,0.9525
2025-10-11 19:34:18,recyclable,0.9523
2025-10-11 19:34:18,recyclable,0.9526
2025-10-11 19:34:18,recyclable,0.9525
2025-10-11 19:35:39,recyclable,0.9539
2025-10-11 19:35:39,recyclable,0.9528
2025-10-11 19:35:39,recyclable,0.9532
2025-10-11 19:35:39,recyclable,0.9531
2025-10-11 19:35:39,recyclable,0.9532
2025-10-11 19:35:39,recyclable,0.9533
2025-10-11 19:35:40,recyclable,0.9533
2025-10-11 19:35:40,recyclable,0.9533
2025-10-11 19:35:40,recyclable,0.9535
2025-10-11 19:35:40,recyclable,0.9530
2025-10-11 19:35:40,recyclable,0.9536
2025-10-11 19:35:40,recyclable,0.9534
2025-10-11 19:35:40,recyclable,0.9534
2025-10-11 19:35:40,recyclable,0.9530
2025-10-11 19:35:40,recyclable,0.9534
2025-10-11 19:35:41,recyclable,0.9531
2025-10-11 19:35:41,recyclable,0.9532
2025-10-11 19:35:41,recyclable,0.9534
2025-10-11 19:35:41,recyclable,0.9533
2025-10-11 19:35:41,recyclable,0.9532
2025-10-11 19:35:41,recyclable,0.9531
2025-10-11 19:35:41,recyclable,0.9533
2025-10-11 19:35:42,recyclable,0.9530
2025-10-11 19:35:42,recyclable,0.9527
2025-10-11 19:35:42,recyclable,0.9535
2025-10-11 19:35:42,recyclable,0.9535
2025-10-11 19:35:42,recyclable,0.9532
2025-10-11 19:35:42,recyclable,0.9533
2025-10-11 19:35:42,recyclable,0.9531
2025-10-11 19:35:42,recyclable,0.9531
2025-10-11 19:35:43,recyclable,0.9531
2025-10-11 19:35:43,recyclable,0.9535
2025-10-11 19:35:43,recyclable,0.9533
2025-10-11 19:35:43,recyclable,0.9035
2025-10-11 19:35:43,recyclable,0.9014
2025-10-11 19:35:43,recyclable,0.9503
2025-10-11 19:35:43,recyclable,0.8333
2025-10-11 19:35:44,recyclable,0.9011
2025-10-11 19:35:44,recyclable,0.8359
2025-10-11 19:35:44,recyclable,0.9696
2025-10-11 19:35:44,recyclable,0.9501
2025-10-11 19:35:44,recyclable,0.9290
2025-10-11 19:35:44,hazardous,0.8170
2025-10-11 19:35:44,hazardous,0.8011
2025-10-11 19:35:45,hazardous,0.9659
2025-10-11 19:35:45,hazardous,0.9948
2025-10-11 19:35:45,hazardous,0.9446
2025-10-11 19:35:45,hazardous,0.9826
2025-10-11 19:35:45,hazardous,0.9844
2025-10-11 19:35:45,hazardous,0.9806
2025-10-11 19:35:45,hazardous,0.9748
2025-10-11 19:35:45,hazardous,0.7601
2025-10-11 19:35:46,hazardous,0.7601
2025-10-11 19:35:46,hazardous,0.9473
2025-10-11 19:35:46,hazardous,0.9872
2025-10-11 19:35:46,hazardous,0.9940
2025-10-11 19:35:46,hazardous,0.9963
2025-10-11 19:35:46,hazardous,0.9904
2025-10-11 19:35:46,hazardous,0.9936
2025-10-11 19:35:46,hazardous,0.9933
2025-10-11 19:35:46,hazardous,0.9853
2025-10-11 19:35:47,hazardous,0.9853
2025-10-11 19:35:47,hazardous,0.9945
2025-10-11 19:35:47,hazardous,0.9910
2025-10-11 19:35:47,hazardous,0.9971
2025-10-11 19:35:47,hazardous,0.9967
2025-10-11 19:35:47,hazardous,0.9979
2025-10-11 19:35:47,hazardous,0.9977
2025-10-11 19:35:47,hazardous,0.9941
2025-10-11 19:35:48,hazardous,0.9928
2025-10-11 19:35:48,hazardous,0.9914
2025-10-11 19:35:48,hazardous,0.9914
2025-10-11 19:35:48,hazardous,0.9972
2025-10-11 19:35:48,hazardous,0.9928
2025-10-11 19:35:48,hazardous,0.9865
2025-10-11 19:35:48,hazardous,0.9921
2025-10-11 19:35:49,hazardous,0.9960
2025-10-11 19:35:49,hazardous,0.9954
2025-10-11 19:35:49,hazardous,0.9956
2025-10-11 19:35:49,hazardous,0.9991
2025-10-11 19:35:49,hazardous,0.9965
2025-10-11 19:35:49,hazardous,0.9965
2025-10-11 19:35:49,hazardous,0.9982
2025-10-11 19:35:49,hazardous,0.9988
2025-10-11 19:35:50,hazardous,0.9987
2025-10-11 19:35:50,hazardous,0.9952
2025-10-11 19:35:50,hazardous,0.9952
2025-10-11 19:35:50,hazardous,0.9989
2025-10-11 19:35:50,hazardous,0.9945
2025-10-11 19:35:50,hazardous,0.9738
2025-10-11 19:35:51,hazardous,0.9535
2025-10-11 19:35:51,hazardous,0.9807
2025-10-11 19:35:51,hazardous,0.9847
2025-10-11 19:35:51,hazardous,0.9748
2025-10-11 19:35:51,hazardous,0.9886
2025-10-11 19:35:51,hazardous,0.9718
2025-10-11 19:35:52,hazardous,0.9734
2025-10-11 19:35:52,hazardous,0.9547
2025-10-11 19:35:52,hazardous,0.9580
2025-10-11 19:35:52,hazardous,0.9549
2025-10-11 19:35:52,hazardous,0.8961
2025-10-11 19:35:52,hazardous,0.8483
2025-10-11 19:35:53,hazardous,0.8577
2025-10-11 19:35:53,hazardous,0.9151
2025-10-11 19:35:54,hazardous,0.8201
2025-10-11 19:35:54,hazardous,0.7099
2025-10-11 19:35:54,hazardous,0.9468
2025-10-11 19:35:54,hazardous,0.9639
2025-10-11 19:35:54,hazardous,0.9727
2025-10-11 19:35:54,hazardous,0.9540
2025-10-11 19:35:54,hazardous,0.9725
2025-10-11 19:35:55,hazardous,0.8987
2025-10-11 19:35:55,hazardous,0.9389
2025-10-11 19:35:55,hazardous,0.9347
2025-10-11 19:35:55,hazardous,0.9376
2025-10-11 19:35:55,hazardous,0.9530
2025-10-11 19:35:55,hazardous,0.9720
2025-10-11 19:35:55,hazardous,0.9260
2025-10-11 19:35:55,hazardous,0.9320
2025-10-11 19:35:55,hazardous,0.9320
2025-10-11 19:35:56,hazardous,0.8903
2025-10-11 19:35:56,hazardous,0.9141
2025-10-11 19:35:56,hazardous,0.9550
2025-10-11 19:35:56,hazardous,0.8380
2025-10-11 19:35:56,hazardous,0.9930
2025-10-11 19:35:56,hazardous,0.9772
2025-10-11 19:35:56,hazardous,0.9681
2025-10-11 19:35:56,hazardous,0.9639
2025-10-11 19:35:57,hazardous,0.9375
2025-10-11 19:35:57,hazardous,0.9374
2025-10-11 19:35:57,hazardous,0.9333
2025-10-11 19:35:57,hazardous,0.9589
2025-10-11 19:35:57,hazardous,0.8981
2025-10-11 19:35:57,hazardous,0.9492
2025-10-11 19:35:57,hazardous,0.9034
2025-10-11 19:35:58,hazardous,0.8278
2025-10-11 19:35:58,hazardous,0.8363
2025-10-11 19:35:58,hazardous,0.7573
2025-10-11 19:35:59,hazardous,0.8700
2025-10-11 19:35:59,recyclable,0.8393
2025-10-11 19:35:59,hazardous,0.7549
2025-10-11 19:35:59,hazardous,0.9219
2025-10-11 19:36:00,hazardous,0.7218
2025-10-11 19:36:00,hazardous,0.8057
2025-10-11 19:36:00,hazardous,0.9353
2025-10-11 19:36:00,hazardous,0.9845
2025-10-11 19:36:00,hazardous,0.9143
2025-10-11 19:36:00,hazardous,0.8869
2025-10-11 19:36:01,hazardous,0.7751
2025-10-11 19:36:01,hazardous,0.8214
2025-10-11 19:36:02,hazardous,0.7634
2025-10-11 19:36:02,recyclable,0.8210
2025-10-11 19:36:02,hazardous,0.7161
2025-10-11 19:36:03,recyclable,0.8862
2025-10-11 19:36:03,hazardous,0.8063
2025-10-11 19:36:03,hazardous,0.7384
2025-10-11 19:36:04,hazardous,0.9780
2025-10-11 19:36:04,hazardous,0.9189
2025-10-11 19:36:04,hazardous,0.8158
2025-10-11 19:36:04,hazardous,0.9447
2025-10-11 19:36:04,hazardous,0.9134
2025-10-11 19:36:05,hazardous,0.9310
2025-10-11 19:36:05,hazardous,0.8622
2025-10-11 19:36:05,hazardous,0.8416
2025-10-11 19:36:05,hazardous,0.7268
2025-10-11 19:36:05,recyclable,0.7865
2025-10-11 19:36:06,hazardous,0.8068
2025-10-11 19:36:06,hazardous,0.7399
2025-10-11 19:36:06,hazardous,0.7315
2025-10-11 19:36:07,hazardous,0.7496
2025-10-11 19:36:07,hazardous,0.7943
2025-10-11 19:36:07,hazardous,0.7901
2025-10-11 19:36:07,hazardous,0.8132
2025-10-11 19:36:07,hazardous,0.8502
2025-10-11 19:36:08,hazardous,0.8623
2025-10-11 19:36:08,hazardous,0.8930
2025-10-11 19:36:08,hazardous,0.8608
2025-10-11 19:36:08,hazardous,0.7533
2025-10-11 19:36:09,hazardous,0.7010
2025-10-11 19:36:09,hazardous,0.7125
2025-10-11 19:36:09,hazardous,0.8393
2025-10-11 19:36:09,hazardous,0.8740
2025-10-11 19:36:09,hazardous,0.8609
2025-10-11 19:36:09,hazardous,0.7422
2025-10-11 19:36:09,hazardous,0.8056
2025-10-11 19:36:10,hazardous,0.7226
2025-10-11 19:36:10,hazardous,0.9198
2025-10-11 19:36:10,hazardous,0.9344
2025-10-11 19:36:10,hazardous,0.9265
2025-10-11 19:36:10,hazardous,0.9800
2025-10-11 19:36:10,hazardous,0.8104
2025-10-11 19:36:11,hazardous,0.9593
2025-10-11 19:36:11,hazardous,0.9698
2025-10-11 19:36:11,hazardous,0.8512
2025-10-11 19:36:11,recyclable,0.7288
2025-10-11 19:36:11,recyclable,0.8469
2025-10-11 19:36:11,recyclable,0.9002
2025-10-11 19:36:11,recyclable,0.7461
2025-10-11 19:36:12,hazardous,0.8974
2025-10-11 19:36:12,hazardous,0.8253
2025-10-11 19:36:13,hazardous,0.8883
2025-10-11 19:36:13,hazardous,0.8130
2025-10-11 19:36:13,hazardous,0.8681
2025-10-11 19:36:13,hazardous,0.8178
2025-10-11 19:36:13,hazardous,0.7131
2025-10-11 19:36:14,hazardous,0.7820
2025-10-11 19:36:15,hazardous,0.7438
2025-10-11 19:36:15,hazardous,0.8199
2025-10-11 19:36:15,hazardous,0.7957
2025-10-11 19:36:15,hazardous,0.9007
2025-10-11 19:36:15,hazardous,0.8757
2025-10-11 19:36:15,hazardous,0.7526
2025-10-11 19:36:15,hazardous,0.7920
2025-10-11 19:36:16,hazardous,0.8044
2025-10-11 19:36:16,recyclable,0.8392
2025-10-11 19:36:16,recyclable,0.9795
2025-10-11 19:36:16,recyclable,0.9613
2025-10-11 19:36:16,recyclable,0.8799
2025-10-11 19:36:16,recyclable,0.9011
2025-10-11 19:36:16,recyclable,0.7180
2025-10-11 19:36:17,recyclable,0.9274
2025-10-11 19:36:17,recyclable,0.9254
2025-10-11 19:36:17,recyclable,0.9245
2025-10-11 19:36:17,recyclable,0.8653
2025-10-11 19:36:17,recyclable,0.8868
2025-10-11 19:36:17,recyclable,0.9663
2025-10-11 19:36:17,recyclable,0.9429
2025-10-11 19:36:18,recyclable,0.9324
2025-10-11 19:36:18,recyclable,0.9432
2025-10-11 19:36:18,recyclable,0.9683
2025-10-11 19:36:18,recyclable,0.9099
2025-10-11 19:36:18,recyclable,0.9101
2025-10-11 19:36:18,recyclable,0.9770
2025-10-11 19:36:18,recyclable,0.9481
2025-10-11 19:36:18,recyclable,0.9824
2025-10-11 19:36:19,recyclable,0.9740
2025-10-11 19:36:19,recyclable,0.9631
2025-10-11 19:36:19,recyclable,0.9608
2025-10-11 19:36:19,recyclable,0.8995
2025-10-11 19:36:19,recyclable,0.8777
2025-10-11 19:36:19,recyclable,0.8777
2025-10-11 19:36:19,recyclable,0.8034
2025-10-11 19:36:20,recyclable,0.7818
2025-10-11 19:36:20,recyclable,0.8370
2025-10-11 19:36:20,recyclable,0.8982
2025-10-11 19:36:20,recyclable,0.9068
2025-10-11 19:36:20,recyclable,0.9068
2025-10-11 19:36:20,recyclable,0.7891
2025-10-11 19:36:20,recyclable,0.7545
2025-10-11 19:36:20,recyclable,0.8944
2025-10-11 19:36:21,recyclable,0.8942
2025-10-11 19:36:21,recyclable,0.9261
2025-10-11 19:36:21,recyclable,0.8881
2025-10-11 19:36:21,recyclable,0.8778
2025-10-11 19:36:21,recyclable,0.9008
2025-10-11 19:36:21,recyclable,0.8373
2025-10-11 19:36:21,recyclable,0.8813
2025-10-11 19:36:22,recyclable,0.9295
2025-10-11 19:36:22,recyclable,0.9925
2025-10-11 19:36:22,recyclable,0.9864
2025-10-11 19:36:22,recyclable,0.9840
2025-10-11 19:36:22,recyclable,0.9884
2025-10-11 19:36:22,recyclable,0.9743
2025-10-11 19:36:23,recyclable,0.9020
2025-10-11 19:36:23,recyclable,0.9849
2025-10-11 19:36:23,recyclable,0.9100
2025-10-11 19:36:23,recyclable,0.8193
2025-10-11 19:36:23,recyclable,0.9531
2025-10-11 19:36:23,recyclable,0.9579
2025-10-11 19:36:23,recyclable,0.9321
2025-10-11 19:36:24,recyclable,0.9178
2025-10-11 19:36:24,recyclable,0.9256
2025-10-11 19:36:24,recyclable,0.9316
2025-10-11 19:36:24,recyclable,0.9612
2025-10-11 19:36:24,recyclable,0.9403
2025-10-11 19:36:24,recyclable,0.9730
2025-10-11 19:36:24,recyclable,0.9696
2025-10-11 19:36:24,recyclable,0.9603
2025-10-11 19:36:25,recyclable,0.9811
2025-10-11 19:36:25,recyclable,0.9593
2025-10-11 19:36:25,recyclable,0.9565
2025-10-11 19:36:25,recyclable,0.9505
2025-10-11 19:36:25,recyclable,0.9404
2025-10-11 19:36:25,recyclable,0.9332
2025-10-11 19:36:25,recyclable,0.9053
2025-10-11 19:36:25,recyclable,0.9449
2025-10-11 19:36:26,recyclable,0.9415
2025-10-11 19:36:26,recyclable,0.9006
2025-10-11 19:36:26,recyclable,0.8508
2025-10-11 19:36:26,recyclable,0.9560
2025-10-11 19:36:26,recyclable,0.9299
2025-10-11 19:36:26,recyclable,0.9219
2025-10-11 19:36:26,recyclable,0.9345
2025-10-11 19:36:27,recyclable,0.9742
2025-10-11 19:36:27,recyclable,0.9846
2025-10-11 19:36:27,recyclable,0.8541
2025-10-11 19:36:27,recyclable,0.8352
2025-10-11 19:36:27,recyclable,0.7126
2025-10-11 19:36:28,hazardous,0.7521
2025-10-11 19:36:28,hazardous,0.7159
2025-10-11 19:39:43,hazardous,0.9561
2025-10-11 19:39:44,recyclable,0.7901
2025-10-11 19:39:44,recyclable,0.8291
2025-10-11 19:39:44,recyclable,0.9234
2025-10-11 19:39:45,recyclable,0.8371
2025-10-11 19:39:45,recyclable,0.7925
2025-10-11 19:39:45,recyclable,0.8129
2025-10-11 19:39:45,recyclable,0.8089
2025-10-11 19:39:45,recyclable,0.9279
2025-10-11 19:39:46,recyclable,0.7687
2025-10-11 19:39:46,recyclable,0.8070
2025-10-11 19:39:46,hazardous,0.7253
2025-10-11 19:39:47,hazardous,0.9662
2025-10-11 19:39:48,hazardous,0.9668
2025-10-11 19:39:48,hazardous,0.9965
2025-10-11 19:39:48,hazardous,0.9924
2025-10-11 19:39:48,hazardous,0.9937
2025-10-11 19:39:48,hazardous,0.9910
2025-10-11 19:39:48,hazardous,0.9975
2025-10-11 19:39:48,hazardous,0.9957
2025-10-11 19:39:49,hazardous,0.9875
2025-10-11 19:39:49,hazardous,0.9716
2025-10-11 19:39:49,hazardous,0.9432
2025-10-11 19:39:49,hazardous,0.9384
2025-10-11 19:39:49,hazardous,0.9363
2025-10-11 19:39:50,hazardous,0.9292
2025-10-11 19:39:50,hazardous,0.9646
2025-10-11 19:39:50,hazardous,0.9646
2025-10-11 19:39:50,hazardous,0.9331
2025-10-11 19:39:50,hazardous,0.9479
2025-10-11 19:39:50,hazardous,0.9479
2025-10-11 19:39:50,hazardous,0.9546
2025-10-11 19:39:50,hazardous,0.9206
2025-10-11 19:39:50,hazardous,0.9000
2025-10-11 19:39:51,hazardous,0.8619
2025-10-11 19:39:51,hazardous,0.8501
2025-10-11 19:39:51,hazardous,0.9159
2025-10-11 19:39:51,hazardous,0.8664
2025-10-11 19:39:51,hazardous,0.8664
2025-10-11 19:39:52,recyclable,0.7390
2025-10-11 19:39:52,hazardous,0.7122
2025-10-11 19:39:52,hazardous,0.7476
2025-10-11 19:39:53,hazardous,0.7880
2025-10-11 19:39:53,recyclable,0.8861
2025-10-11 19:39:53,recyclable,0.9297
2025-10-11 19:39:53,recyclable,0.7886
2025-10-11 19:39:53,recyclable,0.8881
2025-10-11 19:39:54,recyclable,0.9541
2025-10-11 19:39:54,recyclable,0.9508
2025-10-11 19:39:54,recyclable,0.9508
2025-10-11 19:39:54,recyclable,0.9508
2025-10-11 19:39:54,recyclable,0.9508
2025-10-11 19:39:54,recyclable,0.9507
2025-10-11 19:39:54,recyclable,0.9507
2025-10-11 19:39:54,recyclable,0.9507
2025-10-11 19:39:55,recyclable,0.9508
2025-10-11 19:39:55,recyclable,0.9508
2025-10-11 19:39:55,recyclable,0.9513
2025-10-11 19:39:55,recyclable,0.9513
2025-10-11 19:39:55,recyclable,0.9506
2025-10-11 19:39:55,recyclable,0.9512
2025-10-11 19:39:55,recyclable,0.9511
2025-10-11 19:39:55,recyclable,0.9513
2025-10-11 19:39:55,recyclable,0.9515
2025-10-11 19:39:56,recyclable,0.9513
2025-10-11 19:39:56,recyclable,0.9513
2025-10-11 19:39:56,recyclable,0.9513
2025-10-11 19:39:56,recyclable,0.9514
2025-10-11 19:39:56,recyclable,0.9514
2025-10-11 19:39:56,recyclable,0.9515
2025-10-11 19:39:56,recyclable,0.9515
2025-10-11 19:39:56,recyclable,0.9517
2025-10-11 19:39:57,recyclable,0.9517
2025-10-11 19:39:57,recyclable,0.9517
2025-10-11 19:39:57,recyclable,0.9516
2025-10-11 19:39:57,recyclable,0.9515
2025-10-11 19:39:57,recyclable,0.9515
2025-10-11 19:39:57,recyclable,0.9517
2025-10-11 19:39:57,recyclable,0.9516
2025-10-11 19:39:57,recyclable,0.9515
2025-10-11 19:39:58,recyclable,0.9515
2025-10-11 19:39:58,recyclable,0.9516
2025-10-11 19:39:58,recyclable,0.9516
2025-10-11 19:39:58,recyclable,0.9517
2025-10-11 19:39:58,recyclable,0.9516
